Acrobat Position,Clown Position,Magician Position,Decision,FreeParam,Probability
-1,-1,-1,1,0.05,0.0026346848075419517
-1,-1,-1,1,0.1,0.0026097759242335546
-1,-1,-1,1,0.15000000000000002,0.0025917682838609694
-1,-1,-1,1,0.2,0.0025804179013573254
-1,-1,-1,1,0.25,0.002575419424662426
-1,-1,-1,1,0.3,0.002576417705181452
-1,-1,-1,1,0.35000000000000003,0.0025830194714257845
-1,-1,-1,1,0.4,0.0025948046086522
-1,-1,-1,1,0.45,0.0026113366524827437
-1,-1,-1,1,0.5,0.002632172216658167
-1,-1,-1,1,0.55,0.002656869183240531
-1,-1,-1,1,0.6000000000000001,0.002684993579748313
-1,-1,-1,1,0.6500000000000001,0.0027161251470654317
-1,-1,-1,1,0.7000000000000001,0.002749861662551835
-1,-1,-1,1,0.7500000000000001,0.0027858221248918476
-1,-1,-1,1,0.8,0.002823648932701794
-1,-1,-1,1,0.8500000000000001,0.0028630092005301933
-1,-1,-1,1,0.9000000000000001,0.002903595356713201
-1,-1,-1,1,0.9500000000000001,0.0029451251606207596
-1,-1,-1,1,1.0,0.0029873412648434247
-1,-1,-1,1,1.05,0.0030300104330617545
-1,-1,-1,1,1.1,0.0030729225084410706
-1,-1,-1,1,1.1500000000000001,0.0031158892116570037
-1,-1,-1,1,1.2000000000000002,0.003158742832915595
-1,-1,-1,1,1.2500000000000002,0.0032013348690803586
-1,-1,-1,1,1.3,0.003243534645492407
-1,-1,-1,1,1.35,0.003285227952316743
-1,-1,-1,1,1.4000000000000001,0.003326315717192569
-1,-1,-1,1,1.4500000000000002,0.0033667127294568933
-1,-1,-1,1,1.5000000000000002,0.003406346426060138
-1,-1,-1,1,1.55,0.003445155745298888
-1,-1,-1,1,1.6,0.0034830900514589373
-1,-1,-1,1,1.6500000000000001,0.0035201081312114194
-1,-1,-1,1,1.7000000000000002,0.003556177260977583
-1,-1,-1,1,1.7500000000000002,0.0035912723433379184
-1,-1,-1,1,1.8,0.003625375109796156
-1,-1,-1,1,1.85,0.003658473386726147
-1,-1,-1,1,1.9000000000000001,0.003690560421056602
-1,-1,-1,1,1.9500000000000002,0.0037216342621275676
-1,-1,-1,1,2.0,0.0037516971961392433
-1,-1,-1,1,2.05,0.0037807552296746966
-1,-1,-1,1,2.1,0.0038088176188882917
-1,-1,-1,1,2.15,0.00383589644109299
-1,-1,-1,1,2.1999999999999997,0.003862006205638982
-1,-1,-1,1,2.25,0.0038871635011440728
-1,-1,-1,1,2.3,0.003911386676306695
-1,-1,-1,1,2.35,0.003934695551700955
-1,-1,-1,1,2.4,0.003957111160117186
-1,-1,-1,1,2.45,0.003978655513169394
-1,-1,-1,1,2.5,0.003999351392041752
-1,-1,-1,1,2.55,0.004019222160389759
-1,-1,-1,1,2.6,0.004038291597547366
-1,-1,-1,1,2.65,0.004056583750319851
-1,-1,-1,1,2.7,0.004074122801763204
-1,-1,-1,1,2.75,0.004090932955465062
-1,-1,-1,1,2.8,0.004107038333949671
-1,-1,-1,1,2.85,0.0041224628899305515
-1,-1,-1,1,2.9,0.004137230329229661
-1,-1,-1,1,2.95,0.004151364044271228
-1,-1,-1,1,3.0,0.004164887057142344
-1,1,-1,1,0.05,0.00244980651762582
-1,1,-1,1,0.1,0.0026872793215614644
-1,1,-1,1,0.15000000000000002,0.002933265809574461
-1,1,-1,1,0.2,0.003186263625581967
-1,1,-1,1,0.25,0.003444688998845012
-1,1,-1,1,0.3,0.0037069241206881334
-1,1,-1,1,0.35000000000000003,0.0039713628268670444
-1,1,-1,1,0.4,0.004236452035785342
-1,1,-1,1,0.45,0.00450072700741541
-1,1,-1,1,0.5,0.004762839208635189
-1,1,-1,1,0.55,0.005021576294855449
-1,1,-1,1,0.6000000000000001,0.005275874360906414
-1,1,-1,1,0.6500000000000001,0.005524823120334509
-1,1,-1,1,0.7000000000000001,0.005767665016494472
-1,1,-1,1,0.7500000000000001,0.0060037894529608934
-1,1,-1,1,0.8,0.006232723376012625
-1,1,-1,1,0.8500000000000001,0.006454119380196544
-1,1,-1,1,0.9000000000000001,0.00666774237428045
-1,1,-1,1,0.9500000000000001,0.0068734556717474395
-1,1,-1,1,1.0,0.007071207183987009
-1,1,-1,1,1.05,0.0072610162149496435
-1,1,-1,1,1.1,0.0074429611956979575
-1,1,-1,1,1.1500000000000001,0.007617168562501693
-1,1,-1,1,1.2000000000000002,0.007783802874849865
-1,1,-1,1,1.2500000000000002,0.007943058188866215
-1,1,-1,1,1.3,0.008095150644151335
-1,1,-1,1,1.35,0.008240312184206651
-1,1,-1,1,1.4000000000000001,0.008378785308309163
-1,1,-1,1,1.4500000000000002,0.008510818742234399
-1,1,-1,1,1.5000000000000002,0.008636663913282548
-1,1,-1,1,1.55,0.00875657211893521
-1,1,-1,1,1.6,0.008870792286017896
-1,1,-1,1,1.6500000000000001,0.008979569226848574
-1,1,-1,1,1.7000000000000002,0.009083142309343012
-1,1,-1,1,1.7500000000000002,0.009181744468612647
-1,1,-1,1,1.8,0.009275601497701546
-1,1,-1,1,1.85,0.009364931564448238
-1,1,-1,1,1.9000000000000001,0.009449944909861785
-1,1,-1,1,1.9500000000000002,0.00953084369081121
-1,1,-1,1,2.0,0.009607821936256492
-1,1,-1,1,2.05,0.009681065591753734
-1,1,-1,1,2.1,0.009750752631628386
-1,1,-1,1,2.15,0.009817053222120405
-1,1,-1,1,2.1999999999999997,0.009880129922058908
-1,1,-1,1,2.25,0.009940137910311807
-1,1,-1,1,2.3,0.009997225231462837
-1,1,-1,1,2.35,0.010051533052969826
-1,1,-1,1,2.4,0.010103195928521096
-1,1,-1,1,2.45,0.010152342063488909
-1,1,-1,1,2.5,0.010199093579330012
-1,1,-1,1,2.55,0.010243566774544537
-1,1,-1,1,2.6,0.010285872380411664
-1,1,-1,1,2.65,0.010326115810201781
-1,1,-1,1,2.7,0.010364397400945352
-1,1,-1,1,2.75,0.010400812647137067
-1,1,-1,1,2.8,0.010435452425987079
-1,1,-1,1,2.85,0.010468403214011875
-1,1,-1,1,2.9,0.010499747294896262
-1,1,-1,1,2.95,0.010529562958663845
-1,1,-1,1,3.0,0.010557924692272954
-1,-1,1,1,0.05,0.002070880678232693
-1,-1,1,1,0.1,0.0019279086442231632
-1,-1,1,1,0.15000000000000002,0.0017931657707650009
-1,-1,1,1,0.2,0.0016664509432293276
-1,-1,1,1,0.25,0.00154751386459056
-1,-1,1,1,0.3,0.0014360661551672046
-1,-1,1,1,0.35000000000000003,0.0013317916303686099
-1,-1,1,1,0.4,0.0012343555237830615
-1,-1,1,1,0.45,0.0011434125212069885
-1,-1,1,1,0.5,0.0010586135560421207
-1,-1,1,1,0.55,0.0009796113849645754
-1,-1,1,1,0.6000000000000001,0.0009060650141127411
-1,-1,1,1,0.6500000000000001,0.0008376430810735226
-1,-1,1,1,0.7000000000000001,0.0007740263185629533
-1,-1,1,1,0.7500000000000001,0.0007149092343751859
-1,-1,1,1,0.8,0.000660001141582726
-1,-1,1,1,0.8500000000000001,0.0006090266656856084
-1,-1,1,1,0.9000000000000001,0.0005617258437251426
-1,-1,1,1,0.9500000000000001,0.0005178539162205226
-1,-1,1,1,1.0,0.0004771808976687581
-1,-1,1,1,1.05,0.00043949099639227924
-1,-1,1,1,1.1,0.00040458194049664383
-1,-1,1,1,1.1500000000000001,0.00037226425409242535
-1,-1,1,1,1.2000000000000002,0.00034236051698763927
-1,-1,1,1,1.2500000000000002,0.0003147046318427832
-1,-1,1,1,1.3,0.00028914111524948804
-1,-1,1,1,1.35,0.00026552442321559305
-1,-1,1,1,1.4000000000000001,0.00024371831693773365
-1,-1,1,1,1.4500000000000002,0.00022359527132037992
-1,-1,1,1,1.5000000000000002,0.00020503592625882407
-1,-1,1,1,1.55,0.00018792857905429103
-1,-1,1,1,1.6,0.0001721687153014662
-1,-1,1,1,1.6500000000000001,0.0001576585750333673
-1,-1,1,1,1.7000000000000002,0.00014430675069978483
-1,-1,1,1,1.7500000000000002,0.00013202781359012678
-1,-1,1,1,1.8,0.00012074196550693211
-1,-1,1,1,1.85,0.00011037471278856438
-1,-1,1,1,1.9000000000000001,0.00010085656012056995
-1,-1,1,1,1.9500000000000002,9.212272193003871e-05
-1,-1,1,1,2.0,8.411284950196825e-05
-1,-1,1,1,2.05,7.677077227551564e-05
-1,-1,1,1,2.1,7.004425206206677e-05
-1,-1,1,1,2.15,6.388474917205766e-05
-1,-1,1,1,2.1999999999999997,5.8247199642710485e-05
-1,-1,1,1,2.25,5.3089802925948974e-05
-1,-1,1,1,2.3,4.837381952787572e-05
-1,-1,1,1,2.35,4.406337819233582e-05
-1,-1,1,1,2.4,4.01252922956265e-05
-1,-1,1,1,2.45,3.652888517172639e-05
-1,-1,1,1,2.5,3.324582412170456e-05
-1,-1,1,1,2.55,3.0249962881044935e-05
-1,-1,1,1,2.6,2.7517192327890705e-05
-1,-1,1,1,2.65,2.5025299216592057e-05
-1,-1,1,1,2.7,2.275383271689431e-05
-1,-1,1,1,2.75,2.0683978531645996e-05
-1,-1,1,1,2.8,1.8798440356646003e-05
-1,-1,1,1,2.85,1.708132843643974e-05
-1,-1,1,1,2.9,1.551805496044904e-05
-1,-1,1,1,2.95,1.4095236035453943e-05
-1,-1,1,1,3.0,1.2800599963590208e-05
-1,3,-1,1,0.05,0.0021335874067273937
-1,3,-1,1,0.1,0.00204558791713946
-1,3,-1,1,0.15000000000000002,0.0019584132651932814
-1,3,-1,1,0.2,0.0018722499482733545
-1,3,-1,1,0.25,0.001787279785248498
-1,3,-1,1,0.3,0.0017036782898497218
-1,3,-1,1,0.35000000000000003,0.0016216131127481791
-1,3,-1,1,0.4,0.0015412425823282895
-1,3,-1,1,0.45,0.001462714372000991
-1,3,-1,1,0.5,0.0013861643188344988
-1,3,-1,1,0.55,0.0013117154144117883
-1,3,-1,1,0.6000000000000001,0.0012394769843117681
-1,3,-1,1,0.6500000000000001,0.0011695440676415772
-1,3,-1,1,0.7000000000000001,0.0011019970028265723
-1,3,-1,1,0.7500000000000001,0.001036901220605234
-1,3,-1,1,0.8,0.0009743072400855071
-1,3,-1,1,0.8500000000000001,0.0009142508589871426
-1,3,-1,1,0.9000000000000001,0.0008567535249844735
-1,3,-1,1,0.9500000000000001,0.0008018228715044035
-1,3,-1,1,1.0,0.0007494533985149425
-1,3,-1,1,1.05,0.0006996272768091489
-1,3,-1,1,1.1,0.000652315253056952
-1,3,-1,1,1.1500000000000001,0.0006074776324357031
-1,3,-1,1,1.2000000000000002,0.0005650653159010333
-1,3,-1,1,1.2500000000000002,0.0005250208700398261
-1,3,-1,1,1.3,0.00048727960885668325
-1,3,-1,1,1.35,0.0004517706686740535
-1,3,-1,1,1.4000000000000001,0.0004184180594609308
-1,3,-1,1,1.4500000000000002,0.00038714167823525016
-1,3,-1,1,1.5000000000000002,0.0003578582726081385
-1,3,-1,1,1.55,0.00033048234496264796
-1,3,-1,1,1.6,0.00030492699010801843
-1,3,-1,1,1.6500000000000001,0.00028110466146039146
-1,3,-1,1,1.7000000000000002,0.00025892786282503044
-1,3,-1,1,1.7500000000000002,0.00023830976466094673
-1,3,-1,1,1.8,0.00021916474527725787
-1,3,-1,1,1.85,0.00020140885873422295
-1,3,-1,1,1.9000000000000001,0.00018496023230317156
-1,3,-1,1,1.9500000000000002,0.00016973939718872638
-1,3,-1,1,2.0,0.00015566955685001523
-1,3,-1,1,2.05,0.00014267679769520018
-1,3,-1,1,2.1,0.00013069024718835825
-1,3,-1,1,2.15,0.0001196421845233561
-1,3,-1,1,2.1999999999999997,0.00010946810900970091
-1,3,-1,1,2.25,0.00010010677120339346
-1,3,-1,1,2.3,9.150017162301767e-05
-1,3,-1,1,2.35,8.359353163722465e-05
-1,3,-1,1,2.4,7.633524081178682e-05
-1,3,-1,1,2.45,6.967678467758064e-05
-1,3,-1,1,2.5,6.3572656538042e-05
-1,3,-1,1,2.55,5.798025658642286e-05
-1,3,-1,1,2.6,5.2859781258175744e-05
-1,3,-1,1,2.65,4.817410540871345e-05
-1,3,-1,1,2.7,4.388865958674817e-05
-1,3,-1,1,2.75,3.997130437206143e-05
-1,3,-1,1,2.8,3.639220346634924e-05
-1,3,-1,1,2.85,3.312369696816916e-05
-1,3,-1,1,2.9,3.014017602859792e-05
-1,3,-1,1,2.95,2.7417959872950396e-05
-1,3,-1,1,3.0,2.4935175985264228e-05
-1,-1,3,1,0.05,0.0022277692263484774
-1,-1,3,1,0.1,0.0022443082600505835
-1,-1,3,1,0.15000000000000002,0.002271538108812845
-1,-1,3,1,0.2,0.0023089720799345475
-1,-1,3,1,0.25,0.0023559596313747653
-1,-1,3,1,0.3,0.0024117141049185644
-1,-1,3,1,0.35000000000000003,0.0024753444213415064
-1,-1,3,1,0.4,0.002545888475230886
-1,-1,3,1,0.45,0.002622346088965023
-1,-1,3,1,0.5,0.002703709700973138
-1,-1,3,1,0.55,0.0027889914041414297
-1,-1,3,1,0.6000000000000001,0.002877245442369966
-1,-1,3,1,0.6500000000000001,0.002967585751241518
-1,-1,3,1,0.7000000000000001,0.0030591985436743897
-1,-1,3,1,0.7500000000000001,0.003151350264460858
-1,-1,3,1,0.8,0.003243391458803191
-1,-1,3,1,0.8500000000000001,0.0033347572243140077
-1,-1,3,1,0.9000000000000001,0.0034249649581326704
-1,-1,3,1,0.9500000000000001,0.0035136100902217844
-1,-1,3,1,1.0,0.003600360430638169
-1,-1,3,1,1.05,0.003684949670697828
-1,-1,3,1,1.1,0.003767170480091445
-1,-1,3,1,1.1500000000000001,0.0038468675448655744
-1,-1,3,1,1.2000000000000002,0.003923930801794657
-1,-1,3,1,1.2500000000000002,0.003998289046976724
-1,-1,3,1,1.3,0.0040699040320877795
-1,-1,3,1,1.35,0.004138765110589509
-1,-1,3,1,1.4000000000000001,0.004204884457244479
-1,-1,3,1,1.4500000000000002,0.00426829285595224
-1,-1,3,1,1.5000000000000002,0.004329036031378366
-1,-1,3,1,1.55,0.004387171487331155
-1,-1,3,1,1.6,0.004442765807729772
-1,-1,3,1,1.6500000000000001,0.004495892372907864
-1,-1,3,1,1.7000000000000002,0.004546629443755748
-1,-1,3,1,1.7500000000000002,0.004595058567902953
-1,-1,3,1,1.8,0.004641263265071943
-1,-1,3,1,1.85,0.0046853279523623986
-1,-1,3,1,1.9000000000000001,0.004727337074168931
-1,-1,3,1,1.9500000000000002,0.004767374405425263
-1,-1,3,1,2.0,0.004805522500725823
-1,-1,3,1,2.05,0.004841862265489823
-1,-1,3,1,2.1,0.004876472628640696
-1,-1,3,1,2.15,0.00490943029924767
-1,-1,3,1,2.1999999999999997,0.004940809592212201
-1,-1,3,1,2.25,0.0049706823103919575
-1,-1,3,1,2.3,0.0049991176725601265
-1,-1,3,1,2.35,0.005026182278324524
-1,-1,3,1,2.4,0.005051940102607925
-1,-1,3,1,2.45,0.005076452513547154
-1,-1,3,1,2.5,0.005099778308731075
-1,-1,3,1,2.55,0.005121973765593005
-1,-1,3,1,2.6,0.005143092702524054
-1,-1,3,1,2.65,0.005163186547901897
-1,-1,3,1,2.7,0.005182304414752743
-1,-1,3,1,2.75,0.0052004931791989365
-1,-1,3,1,2.8,0.005217797561204792
-1,-1,3,1,2.85,0.005234260206430692
-1,-1,3,1,2.9,0.005249921768250585
-1,-1,3,1,2.95,0.005264820989189445
-1,-1,3,1,3.0,0.0052789947812021355
-1,5,-1,1,0.05,0.0020057319350711357
-1,5,-1,1,0.1,0.0018013371985397023
-1,5,-1,1,0.15000000000000002,0.0016098104080512288
-1,5,-1,1,0.2,0.001431680534287128
-1,5,-1,1,0.25,0.0012672302639045183
-1,5,-1,1,0.3,0.0011165040891489952
-1,5,-1,1,0.35000000000000003,0.000979326015815969
-1,5,-1,1,0.4,0.0008553249146764296
-1,5,-1,1,0.45,0.0007439651705146356
-1,5,-1,1,0.5,0.0006445801933110876
-1,5,-1,1,0.55,0.0005564065134274101
-1,5,-1,1,0.6000000000000001,0.000478616523833517
-1,5,-1,1,0.6500000000000001,0.00041034838214852517
-1,5,-1,1,0.7000000000000001,0.00035073207085430753
-1,5,-1,1,0.7500000000000001,0.00029891107596082434
-1,5,-1,1,0.8,0.0002540595415937579
-1,5,-1,1,0.8500000000000001,0.00021539506843147162
-1,5,-1,1,0.9000000000000001,0.00018218754198489045
-1,5,-1,1,0.9500000000000001,0.00015376450869612938
-1,5,-1,1,1.0,0.00012951367728932894
-1,5,-1,1,1.05,0.00010888312644601163
-1,5,-1,1,1.1,9.137976448493249e-05
-1,5,-1,1,1.1500000000000001,7.65665272294537e-05
-1,5,-1,1,1.2000000000000002,6.405872873944924e-05
-1,5,-1,1,1.2500000000000002,5.3519905087232314e-05
-1,5,-1,1,1.3,4.46574200242239e-05
-1,5,-1,1,1.35,3.7218036972366725e-05
-1,5,-1,1,1.4000000000000001,3.0983606179796684e-05
-1,5,-1,1,1.4500000000000002,2.5766969670085153e-05
-1,5,-1,1,1.5000000000000002,2.1408149474184887e-05
-1,5,-1,1,1.55,1.777085572710017e-05
-1,5,-1,1,1.6,1.4739329441648265e-05
-1,5,-1,1,1.6500000000000001,1.2215518967153443e-05
-1,5,-1,1,1.7000000000000002,1.0116578168483893e-05
-1,5,-1,1,1.7500000000000002,8.3726671932578e-06
-1,5,-1,1,1.8,6.925032442341444e-06
-1,5,-1,1,1.85,5.724340276558471e-06
-1,5,-1,1,1.9000000000000001,4.729238476075131e-06
-1,5,-1,1,1.9500000000000002,3.905120039314161e-06
-1,5,-1,1,2.0,3.223065195156002e-06
-1,5,-1,1,2.05,2.658939225909636e-06
-1,5,-1,1,2.1,2.1926256530041375e-06
-1,5,-1,1,2.15,1.8073763749353426e-06
-1,5,-1,1,2.1999999999999997,1.489262365494772e-06
-1,5,-1,1,2.25,1.2267104721061566e-06
-1,5,-1,1,2.3,1.0101136574177026e-06
-1,5,-1,1,2.35,8.315036792185316e-07
-1,5,-1,1,2.4,6.842766947582731e-07
-1,5,-1,1,2.45,5.629636054030275e-07
-1,5,-1,1,2.5,4.6303813214259265e-07
-1,5,-1,1,2.55,3.807566414719527e-07
-1,5,-1,1,2.6,3.130246364434861e-07
-1,5,-1,1,2.65,2.572856020156166e-07
-1,5,-1,1,2.7,2.1142856013532606e-07
-1,5,-1,1,2.75,1.7371126080788616e-07
-1,5,-1,1,2.8,1.4269642250703338e-07
-1,5,-1,1,2.85,1.1719884950860022e-07
-1,5,-1,1,2.9,9.624160491344769e-08
-1,5,-1,1,2.95,7.901971504374086e-08
-1,5,-1,1,3.0,6.487013131977242e-08
-1,-1,5,1,0.05,0.002288677100387545
-1,-1,5,1,0.1,0.002354752935535005
-1,-1,5,1,0.15000000000000002,0.0024205206091109485
-1,-1,5,1,0.2,0.0024860526745171013
-1,-1,5,1,0.25,0.0025514190252538143
-1,-1,5,1,0.3,0.0026166831399346774
-1,-1,5,1,0.35000000000000003,0.002681899001441308
-1,-1,5,1,0.4,0.0027471087384899604
-1,-1,5,1,0.45,0.0028123409944965207
-1,-1,5,1,0.5,0.002877609992749708
-1,-1,5,1,0.55,0.002942915239381687
-1,-1,5,1,0.6000000000000001,0.003008241786455241
-1,-1,5,1,0.6500000000000001,0.0030735609660373932
-1,-1,5,1,0.7000000000000001,0.003138831501373394
-1,-1,5,1,0.7500000000000001,0.0032040009019830263
-1,-1,5,1,0.8,0.003269007054397033
-1,-1,5,1,0.8500000000000001,0.003333779928122051
-1,-1,5,1,0.9000000000000001,0.0033982433261870327
-1,-1,5,1,0.9500000000000001,0.0034623166203713476
-1,-1,5,1,1.0,0.0035259164222125397
-1,-1,5,1,1.05,0.003588958151583008
-1,-1,5,1,1.1,0.0036513574746094633
-1,-1,5,1,1.1500000000000001,0.00371303159172336
-1,-1,5,1,1.2000000000000002,0.003773900364522395
-1,-1,5,1,1.2500000000000002,0.0038338872768301177
-1,-1,5,1,1.3,0.003892920230867338
-1,-1,5,1,1.35,0.003950932183849621
-1,-1,5,1,1.4000000000000001,0.00400786163368731
-1,-1,5,1,1.4500000000000002,0.00406365296489665
-1,-1,5,1,1.5000000000000002,0.0041182566674515956
-1,-1,5,1,1.55,0.004171629442237705
-1,-1,5,1,1.6,0.004223734207130742
-1,-1,5,1,1.6500000000000001,0.004274540017625136
-1,-1,5,1,1.7000000000000002,0.004324021915483132
-1,-1,5,1,1.7500000000000002,0.00437216071815503
-1,-1,5,1,1.8,0.004418942760813183
-1,-1,5,1,1.85,0.004464359601814086
-1,-1,5,1,1.9000000000000001,0.004508407701309286
-1,-1,5,1,1.9500000000000002,0.004551088081611647
-1,-1,5,1,2.0,0.004592405976823743
-1,-1,5,1,2.05,0.004632370478176194
-1,-1,5,1,2.1,0.0046709941805249885
-1,-1,5,1,2.15,0.004708292834531073
-1,-1,5,1,2.1999999999999997,0.004744285008200587
-1,-1,5,1,2.25,0.004778991760703976
-1,-1,5,1,2.3,0.00481243633071713
-1,-1,5,1,2.35,0.004844643840935886
-1,-1,5,1,2.4,0.004875641019902851
-1,-1,5,1,2.45,0.004905455941847445
-1,-1,5,1,2.5,0.004934117784870817
-1,-1,5,1,2.55,0.004961656607500219
-1,-1,5,1,2.6,0.004988103143386459
-1,-1,5,1,2.65,0.005013488613716705
-1,-1,5,1,2.7,0.005037844556757154
-1,-1,5,1,2.75,0.0050612026738201124
-1,-1,5,1,2.8,0.005083594690862579
-1,-1,5,1,2.85,0.005105052234863484
-1,-1,5,1,2.9,0.005125606724090057
-1,-1,5,1,2.95,0.005145289271346244
-1,-1,5,1,3.0,0.005164130599294345
5,1,3,1,0.05,0.0010499170789824942
5,1,3,1,0.1,0.0011516911378120563
5,1,3,1,0.15000000000000002,0.0012571139183890547
5,1,3,1,0.2,0.001365541553820843
5,1,3,1,0.25,0.0014762952852192908
5,1,3,1,0.3,0.0015886817660092
5,1,3,1,0.35000000000000003,0.0017020126400858764
5,1,3,1,0.4,0.001815622301050861
5,1,3,1,0.45,0.0019288830031780329
5,1,3,1,0.5,0.0020412168037007954
5,1,3,1,0.55,0.0021521041263666213
5,1,3,1,0.6000000000000001,0.0022610890118170347
5,1,3,1,0.6500000000000001,0.0023677813372862183
5,1,3,1,0.7000000000000001,0.0024718564356404882
5,1,3,1,0.7500000000000001,0.002573052622697526
5,1,3,1,0.8,0.002671167161148268
5,1,3,1,0.8500000000000001,0.002766051162941376
5,1,3,1,0.9000000000000001,0.0028576038746916214
5,1,3,1,0.9500000000000001,0.0029457667164631885
5,1,3,1,1.0,0.003030517364565861
5,1,3,1,1.05,0.003111864092121276
5,1,3,1,1.1,0.0031898405124419823
5,1,3,1,1.1500000000000001,0.003264500812500726
5,1,3,1,1.2000000000000002,0.003335915517792799
5,1,3,1,1.2500000000000002,0.0034041677952283784
5,1,3,1,1.3,0.003469350276064858
5,1,3,1,1.35,0.003531562364659994
5,1,3,1,1.4000000000000001,0.003590907989275356
5,1,3,1,1.4500000000000002,0.0036474937466718857
5,1,3,1,1.5000000000000002,0.003701427391406807
5,1,3,1,1.55,0.0037528166224008045
5,1,3,1,1.6,0.0038017681225790984
5,1,3,1,1.6500000000000001,0.003848386811506532
5,1,3,1,1.7000000000000002,0.0038927752754327194
5,1,3,1,1.7500000000000002,0.003935033343691135
5,1,3,1,1.8,0.003975257784729234
5,1,3,1,1.85,0.0040135420990492455
5,1,3,1,1.9000000000000001,0.004049976389940766
5,1,3,1,1.9500000000000002,0.004084647296061947
5,1,3,1,2.0,0.004117637972681353
5,1,3,1,2.05,0.0041490281107516005
5,1,3,1,2.1,0.004178893984983594
5,1,3,1,2.15,0.004207308523765887
5,1,3,1,2.1999999999999997,0.004234341395168104
5,1,3,1,2.25,0.0042600591044193465
5,1,3,1,2.3,0.004284525099198359
5,1,3,1,2.35,0.004307799879844211
5,1,3,1,2.4,0.004329941112223327
5,1,3,1,2.45,0.004351003741495246
5,1,3,1,2.5,0.0043710401054271476
5,1,3,1,2.55,0.004390100046233374
5,1,3,1,2.6,0.004408231020176428
5,1,3,1,2.65,0.004425478204372192
5,1,3,1,2.7,0.004441884600405151
5,1,3,1,2.75,0.004457491134487315
5,1,3,1,2.8,0.004472336753994463
5,1,3,1,2.85,0.004486458520290804
5,1,3,1,2.9,0.004499891697812684
5,1,3,1,2.95,0.004512669839427363
5,1,3,1,3.0,0.00452482486811698
3,1,5,1,0.05,0.0010499170789824942
3,1,5,1,0.1,0.0011516911378120563
3,1,5,1,0.15000000000000002,0.0012571139183890547
3,1,5,1,0.2,0.001365541553820843
3,1,5,1,0.25,0.0014762952852192908
3,1,5,1,0.3,0.0015886817660092
3,1,5,1,0.35000000000000003,0.0017020126400858764
3,1,5,1,0.4,0.001815622301050861
3,1,5,1,0.45,0.0019288830031780329
3,1,5,1,0.5,0.0020412168037007954
3,1,5,1,0.55,0.0021521041263666213
3,1,5,1,0.6000000000000001,0.0022610890118170347
3,1,5,1,0.6500000000000001,0.0023677813372862183
3,1,5,1,0.7000000000000001,0.0024718564356404882
3,1,5,1,0.7500000000000001,0.002573052622697526
3,1,5,1,0.8,0.002671167161148268
3,1,5,1,0.8500000000000001,0.002766051162941376
3,1,5,1,0.9000000000000001,0.0028576038746916214
3,1,5,1,0.9500000000000001,0.0029457667164631885
3,1,5,1,1.0,0.003030517364565861
3,1,5,1,1.05,0.003111864092121276
3,1,5,1,1.1,0.0031898405124419823
3,1,5,1,1.1500000000000001,0.003264500812500726
3,1,5,1,1.2000000000000002,0.003335915517792799
3,1,5,1,1.2500000000000002,0.0034041677952283784
3,1,5,1,1.3,0.003469350276064858
3,1,5,1,1.35,0.003531562364659994
3,1,5,1,1.4000000000000001,0.003590907989275356
3,1,5,1,1.4500000000000002,0.0036474937466718857
3,1,5,1,1.5000000000000002,0.003701427391406807
3,1,5,1,1.55,0.0037528166224008045
3,1,5,1,1.6,0.0038017681225790984
3,1,5,1,1.6500000000000001,0.003848386811506532
3,1,5,1,1.7000000000000002,0.0038927752754327194
3,1,5,1,1.7500000000000002,0.003935033343691135
3,1,5,1,1.8,0.003975257784729234
3,1,5,1,1.85,0.0040135420990492455
3,1,5,1,1.9000000000000001,0.004049976389940766
3,1,5,1,1.9500000000000002,0.004084647296061947
3,1,5,1,2.0,0.004117637972681353
3,1,5,1,2.05,0.0041490281107516005
3,1,5,1,2.1,0.004178893984983594
3,1,5,1,2.15,0.004207308523765887
3,1,5,1,2.1999999999999997,0.004234341395168104
3,1,5,1,2.25,0.0042600591044193465
3,1,5,1,2.3,0.004284525099198359
3,1,5,1,2.35,0.004307799879844211
3,1,5,1,2.4,0.004329941112223327
3,1,5,1,2.45,0.004351003741495246
3,1,5,1,2.5,0.0043710401054271476
3,1,5,1,2.55,0.004390100046233374
3,1,5,1,2.6,0.004408231020176428
3,1,5,1,2.65,0.004425478204372192
3,1,5,1,2.7,0.004441884600405151
3,1,5,1,2.75,0.004457491134487315
3,1,5,1,2.8,0.004472336753994463
3,1,5,1,2.85,0.004486458520290804
3,1,5,1,2.9,0.004499891697812684
3,1,5,1,2.95,0.004512669839427363
3,1,5,1,3.0,0.00452482486811698
5,3,1,1,0.05,0.0009143946028831687
5,3,1,1,0.1,0.0008766805359169116
5,3,1,1,0.15000000000000002,0.0008393199707971206
5,3,1,1,0.2,0.0008023928349742949
5,3,1,1,0.25,0.0007659770508207849
5,3,1,1,0.3,0.0007301478385070237
5,3,1,1,0.35000000000000003,0.0006949770483206483
5,3,1,1,0.4,0.0006605325352835526
5,3,1,1,0.45,0.0006268775880004248
5,3,1,1,0.5,0.0005940704223576424
5,3,1,1,0.55,0.0005621637490336236
5,3,1,1,0.6000000000000001,0.0005312044218479007
5,3,1,1,0.6500000000000001,0.0005012331718463903
5,3,1,1,0.7000000000000001,0.0004722844297828167
5,3,1,1,0.7500000000000001,0.0004443862374022432
5,3,1,1,0.8,0.00041756024575093163
5,3,1,1,0.8500000000000001,0.00039182179670877544
5,3,1,1,0.9000000000000001,0.00036718008213620294
5,3,1,1,0.9500000000000001,0.0003436383735018872
5,3,1,1,1.0,0.0003211943136492611
5,3,1,1,1.05,0.0002998402614896353
5,3,1,1,1.1,0.0002795636798815509
5,3,1,1,1.1500000000000001,0.0002603475567581585
5,3,1,1,1.2000000000000002,0.00024217084967187143
5,3,1,1,1.2500000000000002,0.0002250089443027826
5,3,1,1,1.3,0.0002088341180814357
5,3,1,1,1.35,0.00019361600086030865
5,3,1,1,1.4000000000000001,0.00017932202548325606
5,3,1,1,1.4500000000000002,0.00016591786210082152
5,3,1,1,1.5000000000000002,0.00015336783111777365
5,3,1,1,1.55,0.00014163529069827771
5,3,1,1,1.6,0.00013068299576057932
5,3,1,1,1.6500000000000001,0.00012047342634016777
5,3,1,1,1.7000000000000002,0.00011096908406787018
5,3,1,1,1.7500000000000002,0.0001021327562832629
5,3,1,1,1.8,9.392774797596766e-05
5,3,1,1,1.85,8.631808231466699e-05
5,3,1,1,1.9000000000000001,7.926867098707353e-05
5,3,1,1,1.9500000000000002,7.27454559380256e-05
5,3,1,1,2.0,6.671552436429224e-05
5,3,1,1,2.05,6.114719901222864e-05
5,3,1,1,2.1,5.601010593786782e-05
5,3,1,1,2.15,5.127522193858119e-05
5,3,1,1,2.1999999999999997,4.691490386130039e-05
5,3,1,1,2.25,4.2902901944311484e-05
5,3,1,1,2.3,3.921435926700757e-05
5,3,1,1,2.35,3.5825799273096286e-05
5,3,1,1,2.4,3.2715103205051494e-05
5,3,1,1,2.45,2.9861479147534563e-05
5,3,1,1,2.5,2.7245424230589427e-05
5,3,1,1,2.55,2.4848681394181225e-05
5,3,1,1,2.6,2.2654191967789606e-05
5,3,1,1,2.65,2.064604517516291e-05
5,3,1,1,2.7,1.880942553717779e-05
5,3,1,1,2.75,1.713055901659776e-05
5,3,1,1,2.8,1.5596658628435388e-05
5,3,1,1,2.85,1.4195870129215356e-05
5,3,1,1,2.9,1.2917218297970538e-05
5,3,1,1,2.95,1.1750554231264455e-05
5,3,1,1,3.0,1.0686503993684669e-05
1,3,5,1,0.05,0.0009143946028831687
1,3,5,1,0.1,0.0008766805359169116
1,3,5,1,0.15000000000000002,0.0008393199707971206
1,3,5,1,0.2,0.0008023928349742949
1,3,5,1,0.25,0.0007659770508207849
1,3,5,1,0.3,0.0007301478385070237
1,3,5,1,0.35000000000000003,0.0006949770483206483
1,3,5,1,0.4,0.0006605325352835526
1,3,5,1,0.45,0.0006268775880004248
1,3,5,1,0.5,0.0005940704223576424
1,3,5,1,0.55,0.0005621637490336236
1,3,5,1,0.6000000000000001,0.0005312044218479007
1,3,5,1,0.6500000000000001,0.0005012331718463903
1,3,5,1,0.7000000000000001,0.0004722844297828167
1,3,5,1,0.7500000000000001,0.0004443862374022432
1,3,5,1,0.8,0.00041756024575093163
1,3,5,1,0.8500000000000001,0.00039182179670877544
1,3,5,1,0.9000000000000001,0.00036718008213620294
1,3,5,1,0.9500000000000001,0.0003436383735018872
1,3,5,1,1.0,0.0003211943136492611
1,3,5,1,1.05,0.0002998402614896353
1,3,5,1,1.1,0.0002795636798815509
1,3,5,1,1.1500000000000001,0.0002603475567581585
1,3,5,1,1.2000000000000002,0.00024217084967187143
1,3,5,1,1.2500000000000002,0.0002250089443027826
1,3,5,1,1.3,0.0002088341180814357
1,3,5,1,1.35,0.00019361600086030865
1,3,5,1,1.4000000000000001,0.00017932202548325606
1,3,5,1,1.4500000000000002,0.00016591786210082152
1,3,5,1,1.5000000000000002,0.00015336783111777365
1,3,5,1,1.55,0.00014163529069827771
1,3,5,1,1.6,0.00013068299576057932
1,3,5,1,1.6500000000000001,0.00012047342634016777
1,3,5,1,1.7000000000000002,0.00011096908406787018
1,3,5,1,1.7500000000000002,0.0001021327562832629
1,3,5,1,1.8,9.392774797596766e-05
1,3,5,1,1.85,8.631808231466699e-05
1,3,5,1,1.9000000000000001,7.926867098707353e-05
1,3,5,1,1.9500000000000002,7.27454559380256e-05
1,3,5,1,2.0,6.671552436429224e-05
1,3,5,1,2.05,6.114719901222864e-05
1,3,5,1,2.1,5.601010593786782e-05
1,3,5,1,2.15,5.127522193858119e-05
1,3,5,1,2.1999999999999997,4.691490386130039e-05
1,3,5,1,2.25,4.2902901944311484e-05
1,3,5,1,2.3,3.921435926700757e-05
1,3,5,1,2.35,3.5825799273096286e-05
1,3,5,1,2.4,3.2715103205051494e-05
1,3,5,1,2.45,2.9861479147534563e-05
1,3,5,1,2.5,2.7245424230589427e-05
1,3,5,1,2.55,2.4848681394181225e-05
1,3,5,1,2.6,2.2654191967789606e-05
1,3,5,1,2.65,2.064604517516291e-05
1,3,5,1,2.7,1.880942553717779e-05
1,3,5,1,2.75,1.713055901659776e-05
1,3,5,1,2.8,1.5596658628435388e-05
1,3,5,1,2.85,1.4195870129215356e-05
1,3,5,1,2.9,1.2917218297970538e-05
1,3,5,1,2.95,1.1750554231264455e-05
1,3,5,1,3.0,1.0686503993684669e-05
3,5,1,1,0.05,0.0008595994007447724
3,5,1,1,0.1,0.0007720016565170154
3,5,1,1,0.15000000000000002,0.0006899187463076695
3,5,1,1,0.2,0.0006135773718373407
3,5,1,1,0.25,0.0005430986845305078
3,5,1,1,0.3,0.0004785017524924265
3,5,1,1,0.35000000000000003,0.00041971114963541524
3,5,1,1,0.4,0.0003665678205756127
3,5,1,1,0.45,0.00031884221593484385
3,5,1,1,0.5,0.00027624865427618037
3,5,1,1,0.55,0.0002384599343260329
3,5,1,1,0.6000000000000001,0.00020512136735722158
3,5,1,1,0.6500000000000001,0.00017586359234936794
3,5,1,1,0.7000000000000001,0.00015031374465184608
3,5,1,1,0.7500000000000001,0.0001281047468403533
3,5,1,1,0.8,0.0001088826606830391
3,5,1,1,0.8500000000000001,9.231217218491641e-05
3,5,1,1,0.9000000000000001,7.808037513638162e-05
3,5,1,1,0.9500000000000001,6.589907515548402e-05
3,5,1,1,1.0,5.5505861695426694e-05
3,5,1,1,1.05,4.66641970482907e-05
3,5,1,1,1.1,3.916275620782822e-05
3,5,1,1,1.1500000000000001,3.281422595548016e-05
3,5,1,1,1.2000000000000002,2.7453740888335392e-05
3,5,1,1,1.2500000000000002,2.293710218024242e-05
3,5,1,1,1.3,1.913889429609596e-05
3,5,1,1,1.35,1.5950587273871455e-05
3,5,1,1,1.4000000000000001,1.327868836277001e-05
3,5,1,1,1.4500000000000002,1.1042987001465067e-05
3,5,1,1,1.5000000000000002,9.174921203222095e-06
3,5,1,1,1.55,7.616081025900073e-06
3,5,1,1,1.6,6.316855474992113e-06
3,5,1,1,1.6500000000000001,5.235222414494333e-06
3,5,1,1,1.7000000000000002,4.335676357921669e-06
3,5,1,1,1.7500000000000002,3.5882859399676288e-06
3,5,1,1,1.8,2.9678710467177624e-06
3,5,1,1,1.85,2.4532886899536306e-06
3,5,1,1,1.9000000000000001,2.0268164897464844e-06
3,5,1,1,1.9500000000000002,1.6736228739917835e-06
3,5,1,1,2.0,1.3813136550668581e-06
3,5,1,1,2.05,1.1395453825327013e-06
3,5,1,1,2.1,9.396967084303446e-07
3,5,1,1,2.15,7.745898749722897e-07
3,5,1,1,2.1999999999999997,6.382552994977595e-07
3,5,1,1,2.25,5.257330594740672e-07
3,5,1,1,2.3,4.3290585317901546e-07
3,5,1,1,2.35,3.56358719665085e-07
3,5,1,1,2.4,2.9326144061068847e-07
3,5,1,1,2.45,2.4127011660129756e-07
3,5,1,1,2.5,1.9844491377539686e-07
3,5,1,1,2.55,1.6318141777369402e-07
3,5,1,1,2.6,1.341534156186369e-07
3,5,1,1,2.65,1.1026525800669284e-07
3,5,1,1,2.7,9.061224005799689e-08
3,5,1,1,2.75,7.444768320337979e-08
3,5,1,1,2.8,6.115560964587146e-08
3,5,1,1,2.85,5.022807836082867e-08
3,5,1,1,2.9,4.12464021057633e-08
3,5,1,1,2.95,3.386559216160323e-08
3,5,1,1,3.0,2.7801484851331038e-08
1,5,3,1,0.05,0.0008595994007447724
1,5,3,1,0.1,0.0007720016565170154
1,5,3,1,0.15000000000000002,0.0006899187463076695
1,5,3,1,0.2,0.0006135773718373407
1,5,3,1,0.25,0.0005430986845305078
1,5,3,1,0.3,0.0004785017524924265
1,5,3,1,0.35000000000000003,0.00041971114963541524
1,5,3,1,0.4,0.0003665678205756127
1,5,3,1,0.45,0.00031884221593484385
1,5,3,1,0.5,0.00027624865427618037
1,5,3,1,0.55,0.0002384599343260329
1,5,3,1,0.6000000000000001,0.00020512136735722158
1,5,3,1,0.6500000000000001,0.00017586359234936794
1,5,3,1,0.7000000000000001,0.00015031374465184608
1,5,3,1,0.7500000000000001,0.0001281047468403533
1,5,3,1,0.8,0.0001088826606830391
1,5,3,1,0.8500000000000001,9.231217218491641e-05
1,5,3,1,0.9000000000000001,7.808037513638162e-05
1,5,3,1,0.9500000000000001,6.589907515548402e-05
1,5,3,1,1.0,5.5505861695426694e-05
1,5,3,1,1.05,4.66641970482907e-05
1,5,3,1,1.1,3.916275620782822e-05
1,5,3,1,1.1500000000000001,3.281422595548016e-05
1,5,3,1,1.2000000000000002,2.7453740888335392e-05
1,5,3,1,1.2500000000000002,2.293710218024242e-05
1,5,3,1,1.3,1.913889429609596e-05
1,5,3,1,1.35,1.5950587273871455e-05
1,5,3,1,1.4000000000000001,1.327868836277001e-05
1,5,3,1,1.4500000000000002,1.1042987001465067e-05
1,5,3,1,1.5000000000000002,9.174921203222095e-06
1,5,3,1,1.55,7.616081025900073e-06
1,5,3,1,1.6,6.316855474992113e-06
1,5,3,1,1.6500000000000001,5.235222414494333e-06
1,5,3,1,1.7000000000000002,4.335676357921669e-06
1,5,3,1,1.7500000000000002,3.5882859399676288e-06
1,5,3,1,1.8,2.9678710467177624e-06
1,5,3,1,1.85,2.4532886899536306e-06
1,5,3,1,1.9000000000000001,2.0268164897464844e-06
1,5,3,1,1.9500000000000002,1.6736228739917835e-06
1,5,3,1,2.0,1.3813136550668581e-06
1,5,3,1,2.05,1.1395453825327013e-06
1,5,3,1,2.1,9.396967084303446e-07
1,5,3,1,2.15,7.745898749722897e-07
1,5,3,1,2.1999999999999997,6.382552994977595e-07
1,5,3,1,2.25,5.257330594740672e-07
1,5,3,1,2.3,4.3290585317901546e-07
1,5,3,1,2.35,3.56358719665085e-07
1,5,3,1,2.4,2.9326144061068847e-07
1,5,3,1,2.45,2.4127011660129756e-07
1,5,3,1,2.5,1.9844491377539686e-07
1,5,3,1,2.55,1.6318141777369402e-07
1,5,3,1,2.6,1.341534156186369e-07
1,5,3,1,2.65,1.1026525800669284e-07
1,5,3,1,2.7,9.061224005799689e-08
1,5,3,1,2.75,7.444768320337979e-08
1,5,3,1,2.8,6.115560964587146e-08
1,5,3,1,2.85,5.022807836082867e-08
1,5,3,1,2.9,4.12464021057633e-08
1,5,3,1,2.95,3.386559216160323e-08
1,5,3,1,3.0,2.7801484851331038e-08
-1,-1,-1,2,0.05,0.0026729911638956817
-1,-1,-1,2,0.1,0.002674198283462451
-1,-1,-1,2,0.15000000000000002,0.0026703424014610433
-1,-1,-1,2,0.2,0.00266152477438317
-1,-1,-1,2,0.25,0.002647889272080766
-1,-1,-1,2,0.3,0.002629617433457808
-1,-1,-1,2,0.35000000000000003,0.0026069231071868537
-1,-1,-1,2,0.4,0.0025800469195587207
-1,-1,-1,2,0.45,0.0025492507790096175
-1,-1,-1,2,0.5,0.0025148125872860244
-1,-1,-1,2,0.55,0.0024770212854305132
-1,-1,-1,2,0.6000000000000001,0.0024361723226483784
-1,-1,-1,2,0.6500000000000001,0.0023925636003252443
-1,-1,-1,2,0.7000000000000001,0.0023464919135451874
-1,-1,-1,2,0.7500000000000001,0.002298249888966021
-1,-1,-1,2,0.8,0.002248123400663165
-1,-1,-1,2,0.8500000000000001,0.0021963894338899786
-1,-1,-1,2,0.9000000000000001,0.002143314359694714
-1,-1,-1,2,0.9500000000000001,0.002089152579975896
-1,-1,-1,2,1.0,0.002034145501886839
-1,-1,-1,2,1.05,0.0019785208016742393
-1,-1,-1,2,1.1,0.00192249194036814
-1,-1,-1,2,1.1500000000000001,0.0018662578967048617
-1,-1,-1,2,1.2000000000000002,0.0018100030858821167
-1,-1,-1,2,1.2500000000000002,0.0017538974359628176
-1,-1,-1,2,1.3,0.0016980965968061003
-1,-1,-1,2,1.35,0.0016427422592285542
-1,-1,-1,2,1.4000000000000001,0.0015879625646541072
-1,-1,-1,2,1.4500000000000002,0.001533872587798042
-1,-1,-1,2,1.5000000000000002,0.0014805748769684433
-1,-1,-1,2,1.55,0.0014281600383847586
-1,-1,-1,2,1.6,0.001376707352537925
-1,-1,-1,2,1.6500000000000001,0.001326285412077762
-1,-1,-1,2,1.7000000000000002,0.0012769527720352196
-1,-1,-1,2,1.7500000000000002,0.0012287586043892608
-1,-1,-1,2,1.8,0.0011817433500857664
-1,-1,-1,2,1.85,0.001135939362620253
-1,-1,-1,2,1.9000000000000001,0.0010913715382154057
-1,-1,-1,2,1.9500000000000002,0.0010480579284643933
-1,-1,-1,2,2.0,0.0010060103320758123
-1,-1,-1,2,2.05,0.0009652348630492267
-1,-1,-1,2,2.1,0.0009257324932344036
-1,-1,-1,2,2.15,0.0008874995677851642
-1,-1,-1,2,2.1999999999999997,0.000850528292513082
-1,-1,-1,2,2.25,0.0008148071925799956
-1,-1,-1,2,2.3,0.0007803215423448074
-1,-1,-1,2,2.35,0.000747053766502798
-1,-1,-1,2,2.4,0.0007149838129285533
-1,-1,-1,2,2.45,0.0006840894978604343
-1,-1,-1,2,2.5,0.0006543468242494634
-1,-1,-1,2,2.55,0.0006257302742425314
-1,-1,-1,2,2.6,0.0005982130768830143
-1,-1,-1,2,2.65,0.0005717674521950827
-1,-1,-1,2,2.7,0.00054636483287493
-1,-1,-1,2,2.75,0.000521976064846365
-1,-1,-1,2,2.8,0.000498571587952949
-1,-1,-1,2,2.85,0.00047612159805717993
-1,-1,-1,2,2.9,0.0004545961918018309
-1,-1,-1,2,2.95,0.0004339654952619728
-1,-1,-1,2,3.0,0.00041419977768062874
-1,1,-1,2,0.05,0.002330328043899307
-1,1,-1,2,0.1,0.0024315508828631005
-1,1,-1,2,0.15000000000000002,0.002524685279275643
-1,1,-1,2,0.2,0.0026086920176777045
-1,1,-1,2,0.25,0.002682726489737949
-1,1,-1,2,0.3,0.0027461569312903244
-1,1,-1,2,0.35000000000000003,0.0027985720840448475
-1,1,-1,2,0.4,0.002839778723655408
-1,1,-1,2,0.45,0.0028697902426924834
-1,1,-1,2,0.5,0.002888808007318698
-1,1,-1,2,0.55,0.0028971974911279983
-1,1,-1,2,0.6000000000000001,0.0028954612398355752
-1,1,-1,2,0.6500000000000001,0.002884210577322248
-1,1,-1,2,0.7000000000000001,0.0028641376843829922
-1,1,-1,2,0.7500000000000001,0.0028359893272779995
-1,1,-1,2,0.8,0.0028005431381729444
-1,1,-1,2,0.8500000000000001,0.002758586995675664
-1,1,-1,2,0.9000000000000001,0.002710901748349177
-1,1,-1,2,0.9500000000000001,0.002658247281160751
-1,1,-1,2,1.0,0.002601351747252629
-1,1,-1,2,1.05,0.0025409036705190797
-1,1,-1,2,1.1,0.0024775465591347335
-1,1,-1,2,1.1500000000000001,0.002411875645446223
-1,1,-1,2,1.2000000000000002,0.0023444363725703375
-1,1,-1,2,1.2500000000000002,0.0022757242728497842
-1,1,-1,2,1.3,0.0022061859199310053
-1,1,-1,2,1.35,0.002136220678437248
-1,1,-1,2,1.4000000000000001,0.0020661830185475768
-1,1,-1,2,1.4500000000000002,0.0019963852042800155
-1,1,-1,2,1.5000000000000002,0.0019271002021188993
-1,1,-1,2,1.55,0.0018585646899117484
-1,1,-1,2,1.6,0.0017909820744008622
-1,1,-1,2,1.6500000000000001,0.0017245254494700042
-1,1,-1,2,1.7000000000000002,0.0016593404465432755
-1,1,-1,2,1.7500000000000002,0.0015955479440651313
-1,1,-1,2,1.8,0.0015332466151565484
-1,1,-1,2,1.85,0.0014725153019148887
-1,1,-1,2,1.9000000000000001,0.0014134152118979954
-1,1,-1,2,1.9500000000000002,0.001355991937546345
-1,1,-1,2,2.0,0.001300277303030213
-1,1,-1,2,2.05,0.0012462910455816258
-1,1,-1,2,2.1,0.001194042340047576
-1,1,-1,2,2.15,0.0011435311763962899
-1,1,-1,2,2.1999999999999997,0.001094749600394327
-1,1,-1,2,2.25,0.001047682827784855
-1,1,-1,2,2.3,0.0010023102421429031
-1,1,-1,2,2.35,0.0009586062862436379
-1,1,-1,2,2.4,0.0009165412563173594
-1,1,-1,2,2.45,0.0008760820080268776
-1,1,-1,2,2.5,0.000837192582424319
-1,1,-1,2,2.55,0.0007998347595504965
-1,1,-1,2,2.6,0.0007639685467491622
-1,1,-1,2,2.65,0.0007295526081932367
-1,1,-1,2,2.7,0.0006965446415690621
-1,1,-1,2,2.75,0.0006649017073431471
-1,1,-1,2,2.8,0.0006345805155467571
-1,1,-1,2,2.85,0.0006055376745584931
-1,1,-1,2,2.9,0.0005777299059437436
-1,1,-1,2,2.95,0.0005511142290219714
-1,1,-1,2,3.0,0.0005256481184769524
-1,-1,1,2,0.05,0.002177057001069607
-1,-1,1,2,0.1,0.0021306685663020903
-1,-1,1,2,0.15000000000000002,0.0020833613953630333
-1,-1,1,2,0.2,0.0020354077783989173
-1,-1,1,2,0.25,0.001987047134810951
-1,-1,1,2,0.3,0.0019384865478142576
-1,-1,1,2,0.35000000000000003,0.001889902284144201
-1,-1,1,2,0.4,0.0018414420560494975
-1,-1,1,2,0.45,0.0017932277900509562
-1,-1,1,2,0.5,0.0017453586872981466
-1,-1,1,2,0.55,0.001697914389327109
-1,-1,1,2,0.6000000000000001,0.0016509580965909179
-1,-1,1,2,0.6500000000000001,0.0016045395219373298
-1,-1,1,2,0.7000000000000001,0.001558697594659553
-1,-1,1,2,0.7500000000000001,0.001513462861048823
-1,-1,1,2,0.8,0.0014688595534441086
-1,-1,1,2,0.8500000000000001,0.001424907321110317
-1,-1,1,2,0.9000000000000001,0.0013816226328436237
-1,-1,1,2,0.9500000000000001,0.001339019873285944
-1,-1,1,2,1.0,0.0012971121630207603
-1,-1,1,2,1.05,0.0012559119372190903
-1,-1,1,2,1.1,0.001215431319542335
-1,-1,1,2,1.1500000000000001,0.001175682327805648
-1,-1,1,2,1.2000000000000002,0.0011366769461274946
-1,-1,1,2,1.2500000000000002,0.00109842709543308
-1,-1,1,2,1.3,0.0010609445306566585
-1,-1,1,2,1.35,0.0010242406891354172
-1,-1,1,2,1.4000000000000001,0.0009883265107653375
-1,-1,1,2,1.4500000000000002,0.0009532122466890218
-1,-1,1,2,1.5000000000000002,0.0009189072697408133
-1,-1,1,2,1.55,0.0008854198966709391
-1,-1,1,2,1.6,0.0008527572293546132
-1,-1,1,2,1.6500000000000001,0.0008209250197806641
-1,-1,1,2,1.7000000000000002,0.0007899275616017145
-1,-1,1,2,1.7500000000000002,0.0007597676093929296
-1,-1,1,2,1.8,0.0007304463254772474
-1,-1,1,2,1.85,0.0007019632531942818
-1,-1,1,2,1.9000000000000001,0.0006743163147775237
-1,-1,1,2,1.9500000000000002,0.0006475018315197439
-1,-1,1,2,2.0,0.0006215145636109544
-1,-1,1,2,2.05,0.0005963477668910031
-1,-1,1,2,2.1,0.0005719932637375543
-1,-1,1,2,2.15,0.0005484415253813426
-1,-1,1,2,2.1999999999999997,0.0005256817630796962
-1,-1,1,2,2.25,0.0005037020257657378
-1,-1,1,2,2.3,0.0004824893020073116
-1,-1,1,2,2.35,0.0004620296243427778
-1,-1,1,2,2.4,0.0004423081742994904
-1,-1,1,2,2.45,0.00042330938663666357
-1,-1,1,2,2.5,0.00040501705158127563
-1,-1,1,2,2.55,0.00038741441403924683
-1,-1,1,2,2.6,0.0003704842689614788
-1,-1,1,2,2.65,0.0003542090522237367
-1,-1,1,2,2.7,0.00033857092654002174
-1,-1,1,2,2.75,0.00032355186207098935
-1,-1,1,2,2.8,0.00030913371151257906
-1,-1,1,2,2.85,0.00029529827955625455
-1,-1,1,2,2.9,0.00028202738670220776
-1,-1,1,2,2.95,0.0002693029274818864
-1,-1,1,2,3.0,0.00025710692320764586
-1,3,-1,2,0.05,0.002242978772284385
-1,3,-1,2,0.1,0.002260724276389469
-1,3,-1,2,0.15000000000000002,0.00227535159291486
-1,3,-1,2,0.2,0.0022867712507863105
-1,3,-1,2,0.25,0.00229491267099128
-1,3,-1,2,0.3,0.00229972514482967
-1,3,-1,2,0.35000000000000003,0.0023011785446742402
-1,3,-1,2,0.4,0.002299263749373751
-1,3,-1,2,0.45,0.0022939927735007542
-1,3,-1,2,0.5,0.0022853985971479926
-1,3,-1,2,0.55,0.002273534700612413
-1,3,-1,2,0.6000000000000001,0.002258474315765805
-1,3,-1,2,0.6500000000000001,0.002240309412898431
-1,3,-1,2,0.7000000000000001,0.0022191494480663606
-1,3,-1,2,0.7500000000000001,0.002195119901246983
-1,3,-1,2,0.8,0.002168360639736833
-1,3,-1,2,0.8500000000000001,0.0021390241440999015
-1,3,-1,2,0.9000000000000001,0.0021072736355464946
-1,3,-1,2,0.9500000000000001,0.0020732811439093048
-1,3,-1,2,1.0,0.002037225554460043
-1,3,-1,2,1.05,0.001999290669801151
-1,3,-1,2,1.1,0.001959663320135715
-1,3,-1,2,1.1500000000000001,0.0019185315515535646
-1,3,-1,2,1.2000000000000002,0.001876082917774494
-1,3,-1,2,1.2500000000000002,0.001832502896263996
-1,3,-1,2,1.3,0.0017879734449766365
-1,3,-1,2,1.35,0.001742671711363338
-1,3,-1,2,1.4000000000000001,0.0016967689008531798
-1,3,-1,2,1.4500000000000002,0.001650429307911511
-1,3,-1,2,1.5000000000000002,0.0016038095090779544
-1,3,-1,2,1.55,0.0015570577141641834
-1,3,-1,2,1.6,0.0015103132690782238
-1,3,-1,2,1.6500000000000001,0.0014637063015504792
-1,3,-1,2,1.7000000000000002,0.0014173574993565736
-1,3,-1,2,1.7500000000000002,0.0013713780094361803
-1,3,-1,2,1.8,0.0013258694455552723
-1,3,-1,2,1.85,0.0012809239918028657
-1,3,-1,2,1.9000000000000001,0.0012366245891984576
-1,3,-1,2,1.9500000000000002,0.0011930451929571143
-1,3,-1,2,2.0,0.0011502510884604368
-1,3,-1,2,2.05,0.0011082992546608526
-1,3,-1,2,2.1,0.0010672387644556003
-1,3,-1,2,2.15,0.0010271112124620406
-1,3,-1,2,2.1999999999999997,0.0009879511615700763
-1,3,-1,2,2.25,0.0009497866006085799
-1,3,-1,2,2.3,0.0009126394064148382
-1,3,-1,2,2.35,0.0008765258045183395
-1,3,-1,2,2.4,0.0008414568235270771
-1,3,-1,2,2.45,0.0008074387391244763
-1,3,-1,2,2.5,0.0007744735043405728
-1,3,-1,2,2.55,0.0007425591634477494
-1,3,-1,2,2.6,0.0007116902474475705
-1,3,-1,2,2.65,0.0006818581496613376
-1,3,-1,2,2.7,0.0006530514804150812
-1,3,-1,2,2.75,0.0006252564002229982
-1,3,-1,2,2.8,0.0005984569312260067
-1,3,-1,2,2.85,0.0005726352469387802
-1,3,-1,2,2.9,0.0005477719406043416
-1,3,-1,2,2.95,0.0005238462726551023
-1,3,-1,2,3.0,0.0005008363979382071
-1,-1,3,2,0.05,0.0022194480271589723
-1,-1,3,2,0.1,0.0022111681841685193
-1,-1,3,2,0.15000000000000002,0.0021975090678249755
-1,-1,3,2,0.2,0.002178675285530114
-1,-1,3,2,0.25,0.0021549411786936324
-1,-1,3,2,0.3,0.002126639904861359
-1,-1,3,2,0.35000000000000003,0.002094150926291208
-1,-1,3,2,0.4,0.002057886777938809
-1,-1,3,2,0.45,0.0020182799425954292
-1,-1,3,2,0.5,0.001975770541351344
-1,-1,3,2,0.55,0.0019307953798435658
-1,-1,3,2,0.6000000000000001,0.0018837787030450896
-1,-1,3,2,0.6500000000000001,0.001835124828723773
-1,-1,3,2,0.7000000000000001,0.0017852126708312905
-1,-1,3,2,0.7500000000000001,0.0017343920400263882
-1,-1,3,2,0.8,0.0016829815231319434
-1,-1,3,2,0.8500000000000001,0.00163126769472587
-1,-1,3,2,0.9000000000000001,0.0015795053967146253
-1,-1,3,2,0.9500000000000001,0.0015279188282781436
-1,-1,3,2,1.0,0.0014767032113825605
-1,-1,3,2,1.05,0.0014260268292728686
-1,-1,3,2,1.1,0.0013760332714382972
-1,-1,3,2,1.1500000000000001,0.0013268437544309262
-1,-1,3,2,1.2000000000000002,0.0012785594209535865
-1,-1,3,2,1.2500000000000002,0.001231263548327516
-1,-1,3,2,1.3,0.0011850236212051816
-1,-1,3,2,1.35,0.0011398932422284395
-1,-1,3,2,1.4000000000000001,0.0010959138686503084
-1,-1,3,2,1.4500000000000002,0.0010531163733462348
-1,-1,3,2,1.5000000000000002,0.0010115224358167585
-1,-1,3,2,1.55,0.0009711457733945513
-1,-1,3,2,1.6,0.0009319932255195939
-1,-1,3,2,1.6500000000000001,0.0008940657051552525
-1,-1,3,2,1.7000000000000002,0.0008573590316109263
-1,-1,3,2,1.7500000000000002,0.000821864658550379
-1,-1,3,2,1.8,0.0007875703100561684
-1,-1,3,2,1.85,0.0007544605364798806
-1,-1,3,2,1.9000000000000001,0.0007225172005706999
-1,-1,3,2,1.9500000000000002,0.0006917199031336915
-1,-1,3,2,2.0,0.0006620463562838657
-1,-1,3,2,2.05,0.000633472711268086
-1,-1,3,2,2.1,0.0006059738468423313
-1,-1,3,2,2.15,0.0005795236233227574
-1,-1,3,2,2.1999999999999997,0.0005540951066735582
-1,-1,3,2,2.25,0.0005296607663459465
-1,-1,3,2,2.3,0.0005061926500310438
-1,-1,3,2,2.35,0.00048366253802422586
-1,-1,3,2,2.4,0.0004620420795084211
-1,-1,3,2,2.45,0.0004413029127382959
-1,-1,3,2,2.5,0.00042141677083636065
-1,-1,3,2,2.55,0.00040235557468688295
-1,-1,3,2,2.6,0.0003840915142263694
-1,-1,3,2,2.65,0.00036659711927353216
-1,-1,3,2,2.7,0.00034984532091142595
-1,-1,3,2,2.75,0.0003338095043250515
-1,-1,3,2,2.8,0.00031846355390519217
-1,-1,3,2,2.85,0.00030378189135038167
-1,-1,3,2,2.9,0.00028973950743101443
-1,-1,3,2,2.95,0.00027631198802060755
-1,-1,3,2,3.0,0.00026347553494739383
-1,5,-1,2,0.05,0.002108568010418637
-1,5,-1,2,0.1,0.001990785485473938
-1,5,-1,2,0.15000000000000002,0.0018703328563743078
-1,5,-1,2,0.2,0.001748658553382524
-1,5,-1,2,0.25,0.0016271558676493156
-1,5,-1,2,0.3,0.0015071228784323942
-1,5,-1,2,0.35000000000000003,0.0013897297685375686
-1,5,-1,2,0.4,0.0012759948322222097
-1,5,-1,2,0.45,0.0011667696424983742
-1,5,-1,2,0.5,0.0010627330753839902
-1,5,-1,2,0.55,0.0009643932685591338
-1,5,-1,2,0.6000000000000001,0.0008720961662546037
-1,5,-1,2,0.6500000000000001,0.000786039080125297
-1,5,-1,2,0.7000000000000001,0.0007062876572795888
-1,5,-1,2,0.7500000000000001,0.0006327947527747775
-1,5,-1,2,0.8,0.0005654199080909425
-1,5,-1,2,0.8500000000000001,0.000503948393776076
-1,5,-1,2,0.9000000000000001,0.0004481090450800741
-1,5,-1,2,0.9500000000000001,0.00039759037539553727
-1,5,-1,2,1.0,0.0003520546755124919
-1,5,-1,2,1.05,0.0003111499880266579
-1,5,-1,2,1.1,0.00027451998374186117
-1,5,-1,2,1.1500000000000001,0.00024181186341562928
-1,5,-1,2,1.2000000000000002,0.0002126824693368355
-1,5,-1,2,1.2500000000000002,0.00018680282380524748
-1,5,-1,2,1.3,0.00016386132247935763
-1,5,-1,2,1.35,0.00014356580601963126
-1,5,-1,2,1.4000000000000001,0.00012564471875304
-1,5,-1,2,1.4500000000000002,0.00010984754241245472
-1,5,-1,2,1.5000000000000002,9.594466951461798e-05
-1,5,-1,2,1.55,8.372685687735434e-05
-1,5,-1,2,1.6,7.300437663832537e-05
-1,5,-1,2,1.6500000000000001,6.360596084050082e-05
-1,5,-1,2,1.7000000000000002,5.5377616678576736e-05
-1,5,-1,2,1.7500000000000002,4.818137303562673e-05
-1,5,-1,2,1.8,4.189400495578831e-05
-1,5,-1,2,1.85,3.640577104487252e-05
-1,5,-1,2,1.9000000000000001,3.1619189243404005e-05
-1,5,-1,2,1.9500000000000002,2.7447868721037824e-05
-1,5,-1,2,2.0,2.3815409537518564e-05
-1,5,-1,2,2.05,2.065437695454593e-05
-1,5,-1,2,2.1,1.7905353637086376e-05
-1,5,-1,2,2.15,1.551607024922462e-05
-1,5,-1,2,2.1999999999999997,1.34406129527895e-05
-1,5,-1,2,2.25,1.1638704907037866e-05
-1,5,-1,2,2.3,1.0075057919184376e-05
-1,5,-1,2,2.35,8.718789804813422e-06
-1,5,-1,2,2.4,7.542902699482901e-06
-1,5,-1,2,2.45,6.523817449714347e-06
-1,5,-1,2,2.5,5.640959248402553e-06
-1,5,-1,2,2.55,4.876389823269517e-06
-1,5,-1,2,2.6,4.214481703576738e-06
-1,5,-1,2,2.65,3.641630353827818e-06
-1,5,-1,2,2.7,3.1460002537897926e-06
-1,5,-1,2,2.75,2.717301306955967e-06
-1,5,-1,2,2.8,2.3465922636273885e-06
-1,5,-1,2,2.85,2.0261081422701976e-06
-1,5,-1,2,2.9,1.749108918285505e-06
-1,5,-1,2,2.95,1.509747019243762e-06
-1,5,-1,2,3.0,1.3029514178353218e-06
-1,-1,5,2,0.05,0.0022858192310337205
-1,-1,5,2,0.1,0.0023430280295158494
-1,-1,5,2,0.15000000000000002,0.0023935427267611806
-1,-1,5,2,0.2,0.002437147040448664
-1,-1,5,2,0.25,0.002473712061201972
-1,-1,5,2,0.3,0.0025031921282602956
-1,-1,5,2,0.35000000000000003,0.0025256191937156835
-1,-1,5,2,0.4,0.0025410960542986316
-1,-1,5,2,0.45,0.0025497888108601246
-1,-1,5,2,0.5,0.002551918882271428
-1,-1,5,2,0.55,0.0025477548580560526
-1,-1,5,2,0.6000000000000001,0.0025376044274969707
-1,-1,5,2,0.6500000000000001,0.0025218065760254727
-1,-1,5,2,0.7000000000000001,0.0025007241951418165
-1,-1,5,2,0.7500000000000001,0.0024747372117210503
-1,-1,5,2,0.8,0.0024442363072902096
-1,-1,5,2,0.8500000000000001,0.002409617268071085
-1,-1,5,2,0.9000000000000001,0.00237127598216828
-1,-1,5,2,0.9500000000000001,0.002329604080861951
-1,-1,5,2,1.0,0.0022849852059965126
-1,-1,5,2,1.05,0.0022377918743337268
-1,-1,5,2,1.1,0.0021883829018532054
-1,-1,5,2,1.1500000000000001,0.0021371013457663172
-1,-1,5,2,1.2000000000000002,0.0020842729189511884
-1,-1,5,2,1.2500000000000002,0.002030204830175012
-1,-1,5,2,1.3,0.0019751850034702865
-1,-1,5,2,1.35,0.0019194816310608583
-1,-1,5,2,1.4000000000000001,0.00186334301603342
-1,-1,5,2,1.4500000000000002,0.0018069976633084117
-1,-1,5,2,1.5000000000000002,0.001750654580208283
-1,-1,5,2,1.55,0.0016945037509104696
-1,-1,5,2,1.6,0.0016387167521935478
-1,-1,5,2,1.6500000000000001,0.0015834474810468065
-1,-1,5,2,1.7000000000000002,0.0015288329678433462
-1,-1,5,2,1.7500000000000002,0.0014749942518179951
-1,-1,5,2,1.8,0.0014220372985005673
-1,-1,5,2,1.85,0.0013700539415000931
-1,-1,5,2,1.9000000000000001,0.0013191228335944474
-1,-1,5,2,1.9500000000000002,0.0012693103944380344
-1,-1,5,2,2.0,0.0012206717443507002
-1,-1,5,2,2.05,0.0011732516155922043
-1,-1,5,2,2.1,0.0011270852342615137
-1,-1,5,2,2.15,0.001082199167495567
-1,-1,5,2,2.1999999999999997,0.001038612131987531
-1,-1,5,2,2.25,0.000996335761011472
-1,-1,5,2,2.3,0.000955375328141668
-1,-1,5,2,2.35,0.0009157304267042265
-1,-1,5,2,2.4,0.0008773956047102932
-1,-1,5,2,2.45,0.000840360955607832
-1,-1,5,2,2.5,0.0008046126656664975
-1,-1,5,2,2.55,0.0007701335191903811
-1,-1,5,2,2.6,0.0007369033630488234
-1,-1,5,2,2.65,0.0007048995322373736
-1,-1,5,2,2.7,0.0006740972383398898
-1,-1,5,2,2.75,0.0006444699228682517
-1,-1,5,2,2.8,0.0006159895775167274
-1,-1,5,2,2.85,0.0005886270333914476
-1,-1,5,2,2.9,0.000562352221268342
-1,-1,5,2,2.95,0.0005371344049012836
-1,-1,5,2,3.0,0.0005129423893511829
5,1,3,2,0.05,0.0009987120188139887
5,1,3,2,0.1,0.0010420932355127575
5,1,3,2,0.15000000000000002,0.0010820079768324186
5,1,3,2,0.2,0.0011180108647190162
5,1,3,2,0.25,0.0011497399241734067
5,1,3,2,0.3,0.001176924399124425
5,1,3,2,0.35000000000000003,0.0011993880360192204
5,1,3,2,0.4,0.0012170480244237463
5,1,3,2,0.45,0.0012299101040110644
5,1,3,2,0.5,0.0012380605745651563
5,1,3,2,0.55,0.001241656067626285
5,1,3,2,0.6000000000000001,0.0012409119599295323
5,1,3,2,0.6500000000000001,0.0012360902474238206
5,1,3,2,0.7000000000000001,0.0012274875790212825
5,1,3,2,0.7500000000000001,0.001215423997404857
5,1,3,2,0.8,0.0012002327735026906
5,1,3,2,0.8500000000000001,0.0011822515695752846
5,1,3,2,0.9000000000000001,0.00116181503500679
5,1,3,2,0.9500000000000001,0.0011392488347831788
5,1,3,2,1.0,0.001114865034536841
5,1,3,2,1.05,0.0010889587159367484
5,1,3,2,1.1,0.0010618056682006
5,1,3,2,1.1500000000000001,0.0010336609909055241
5,1,3,2,1.2000000000000002,0.0010047584453872875
5,1,3,2,1.2500000000000002,0.0009753104026499075
5,1,3,2,1.3,0.0009455082513990024
5,1,3,2,1.35,0.0009155231479016777
5,1,3,2,1.4000000000000001,0.0008855070079489615
5,1,3,2,1.4500000000000002,0.0008555936589771495
5,1,3,2,1.5000000000000002,0.0008259000866223854
5,1,3,2,1.55,0.0007965277242478922
5,1,3,2,1.6,0.0007675637461717981
5,1,3,2,1.6500000000000001,0.0007390823354871446
5,1,3,2,1.7000000000000002,0.0007111459056614038
5,1,3,2,1.7500000000000002,0.0006838062617421992
5,1,3,2,1.8,0.0006571056922099494
5,1,3,2,1.85,0.0006310779865349523
5,1,3,2,1.9000000000000001,0.0006057493765277124
5,1,3,2,1.9500000000000002,0.0005811394018055765
5,1,3,2,2.0,0.0005572617012986628
5,1,3,2,2.05,0.0005341247338206968
5,1,3,2,2.1,0.0005117324314489612
5,1,3,2,2.15,0.0004900847898841243
5,1,3,2,2.1999999999999997,0.00046917840016899733
5,1,3,2,2.25,0.00044900692619350937
5,1,3,2,2.3,0.00042956153234695847
5,1,3,2,2.35,0.0004108312655329877
5,1,3,2,2.4,0.0003928033955645826
5,1,3,2,2.45,0.0003754637177258047
5,1,3,2,2.5,0.0003587968210389939
5,1,3,2,2.55,0.00034278632552164136
5,1,3,2,2.6,0.00032741509146392666
5,1,3,2,2.65,0.0003126654035113872
5,1,3,2,2.7,0.00029851913210102664
5,1,3,2,2.75,0.0002849578745756345
5,1,3,2,2.8,0.00027196307809146733
5,1,3,2,2.85,0.00025951614623935423
5,1,3,2,2.9,0.00024759853111874726
5,1,3,2,2.95,0.00023619181243798775
5,1,3,2,3.0,0.00022527776506155105
3,1,5,2,0.05,0.0009987120188139887
3,1,5,2,0.1,0.0010420932355127575
3,1,5,2,0.15000000000000002,0.0010820079768324186
3,1,5,2,0.2,0.0011180108647190162
3,1,5,2,0.25,0.0011497399241734067
3,1,5,2,0.3,0.001176924399124425
3,1,5,2,0.35000000000000003,0.0011993880360192204
3,1,5,2,0.4,0.0012170480244237463
3,1,5,2,0.45,0.0012299101040110644
3,1,5,2,0.5,0.0012380605745651563
3,1,5,2,0.55,0.001241656067626285
3,1,5,2,0.6000000000000001,0.0012409119599295323
3,1,5,2,0.6500000000000001,0.0012360902474238206
3,1,5,2,0.7000000000000001,0.0012274875790212825
3,1,5,2,0.7500000000000001,0.001215423997404857
3,1,5,2,0.8,0.0012002327735026906
3,1,5,2,0.8500000000000001,0.0011822515695752846
3,1,5,2,0.9000000000000001,0.00116181503500679
3,1,5,2,0.9500000000000001,0.0011392488347831788
3,1,5,2,1.0,0.001114865034536841
3,1,5,2,1.05,0.0010889587159367484
3,1,5,2,1.1,0.0010618056682006
3,1,5,2,1.1500000000000001,0.0010336609909055241
3,1,5,2,1.2000000000000002,0.0010047584453872875
3,1,5,2,1.2500000000000002,0.0009753104026499075
3,1,5,2,1.3,0.0009455082513990024
3,1,5,2,1.35,0.0009155231479016777
3,1,5,2,1.4000000000000001,0.0008855070079489615
3,1,5,2,1.4500000000000002,0.0008555936589771495
3,1,5,2,1.5000000000000002,0.0008259000866223854
3,1,5,2,1.55,0.0007965277242478922
3,1,5,2,1.6,0.0007675637461717981
3,1,5,2,1.6500000000000001,0.0007390823354871446
3,1,5,2,1.7000000000000002,0.0007111459056614038
3,1,5,2,1.7500000000000002,0.0006838062617421992
3,1,5,2,1.8,0.0006571056922099494
3,1,5,2,1.85,0.0006310779865349523
3,1,5,2,1.9000000000000001,0.0006057493765277124
3,1,5,2,1.9500000000000002,0.0005811394018055765
3,1,5,2,2.0,0.0005572617012986628
3,1,5,2,2.05,0.0005341247338206968
3,1,5,2,2.1,0.0005117324314489612
3,1,5,2,2.15,0.0004900847898841243
3,1,5,2,2.1999999999999997,0.00046917840016899733
3,1,5,2,2.25,0.00044900692619350937
3,1,5,2,2.3,0.00042956153234695847
3,1,5,2,2.35,0.0004108312655329877
3,1,5,2,2.4,0.0003928033955645826
3,1,5,2,2.45,0.0003754637177258047
3,1,5,2,2.5,0.0003587968210389939
3,1,5,2,2.55,0.00034278632552164136
3,1,5,2,2.6,0.00032741509146392666
3,1,5,2,2.65,0.0003126654035113872
3,1,5,2,2.7,0.00029851913210102664
3,1,5,2,2.75,0.0002849578745756345
3,1,5,2,2.8,0.00027196307809146733
3,1,5,2,2.85,0.00025951614623935423
3,1,5,2,2.9,0.00024759853111874726
3,1,5,2,2.95,0.00023619181243798775
3,1,5,2,3.0,0.00022527776506155105
5,3,1,2,0.05,0.0009612766166933079
5,3,1,2,0.1,0.0009688818327383439
5,3,1,2,0.15000000000000002,0.0009751506826777973
5,3,1,2,0.2,0.0009800448217655616
5,3,1,2,0.25,0.0009835340018534058
5,3,1,2,0.3,0.000985596490641287
5,3,1,2,0.35000000000000003,0.0009862193762889603
5,3,1,2,0.4,0.0009853987497316077
5,3,1,2,0.45,0.000983139760071752
5,3,1,2,0.5,0.000979456541634854
5,3,1,2,0.55,0.0009743720145481769
5,3,1,2,0.6000000000000001,0.0009679175638996308
5,3,1,2,0.6500000000000001,0.000960132605527899
5,3,1,2,0.7000000000000001,0.0009510640491712974
5,3,1,2,0.7500000000000001,0.0009407656719629927
5,3,1,2,0.8,0.0009292974170300713
5,3,1,2,0.8500000000000001,0.0009167246331856722
5,3,1,2,0.9000000000000001,0.0009031172723770691
5,3,1,2,0.9500000000000001,0.0008885490616754163
5,3,1,2,1.0,0.0008730966661971614
5,3,1,2,1.05,0.0008568388584862078
5,3,1,2,1.1,0.0008398557086295923
5,3,1,2,1.1500000000000001,0.0008222278078086706
5,3,1,2,1.2000000000000002,0.0008040355361890689
5,3,1,2,1.2500000000000002,0.0007853583841131411
5,3,1,2,1.3,0.0007662743335614157
5,3,1,2,1.35,0.0007468593048700021
5,3,1,2,1.4000000000000001,0.00072718667179422
5,3,1,2,1.4500000000000002,0.0007073268462477905
5,3,1,2,1.5000000000000002,0.0006873469324619805
5,3,1,2,1.55,0.0006673104489275072
5,3,1,2,1.6,0.0006472771153192388
5,3,1,2,1.6500000000000001,0.0006273027006644911
5,3,1,2,1.7000000000000002,0.0006074389282956745
5,3,1,2,1.7500000000000002,0.0005877334326155058
5,3,1,2,1.8,0.000568229762380831
5,3,1,2,1.85,0.000548967425058371
5,3,1,2,1.9000000000000001,0.0005299819667993389
5,3,1,2,1.9500000000000002,0.0005113050826959062
5,3,1,2,2.0,0.0004929647521973301
5,3,1,2,2.05,0.0004749853948546511
5,3,1,2,2.1,0.000457388041909543
5,3,1,2,2.15,0.00044019051962658885
5,3,1,2,2.1999999999999997,0.0004234076406728899
5,3,1,2,2.25,0.00040705140026081995
5,3,1,2,2.3,0.0003911311741777878
5,3,1,2,2.35,0.00037565391622214556
5,3,1,2,2.4,0.00036062435294017593
5,3,1,2,2.45,0.00034604517391048986
5,3,1,2,2.5,0.0003319172161459598
5,3,1,2,2.55,0.0003182396414776069
5,3,1,2,2.6,0.0003050101060489588
5,3,1,2,2.65,0.0002922249212834304
5,3,1,2,2.7,0.0002798792058921776
5,3,1,2,2.75,0.00026796702866699925
5,3,1,2,2.8,0.0002564815419540029
5,3,1,2,2.85,0.00024541510583090585
5,3,1,2,2.9,0.0002347594031161464
5,3,1,2,2.95,0.0002245055454236153
5,3,1,2,3.0,0.00021464417054494592
1,3,5,2,0.05,0.0009612766166933079
1,3,5,2,0.1,0.0009688818327383439
1,3,5,2,0.15000000000000002,0.0009751506826777973
1,3,5,2,0.2,0.0009800448217655616
1,3,5,2,0.25,0.0009835340018534058
1,3,5,2,0.3,0.000985596490641287
1,3,5,2,0.35000000000000003,0.0009862193762889603
1,3,5,2,0.4,0.0009853987497316077
1,3,5,2,0.45,0.000983139760071752
1,3,5,2,0.5,0.000979456541634854
1,3,5,2,0.55,0.0009743720145481769
1,3,5,2,0.6000000000000001,0.0009679175638996308
1,3,5,2,0.6500000000000001,0.000960132605527899
1,3,5,2,0.7000000000000001,0.0009510640491712974
1,3,5,2,0.7500000000000001,0.0009407656719629927
1,3,5,2,0.8,0.0009292974170300713
1,3,5,2,0.8500000000000001,0.0009167246331856722
1,3,5,2,0.9000000000000001,0.0009031172723770691
1,3,5,2,0.9500000000000001,0.0008885490616754163
1,3,5,2,1.0,0.0008730966661971614
1,3,5,2,1.05,0.0008568388584862078
1,3,5,2,1.1,0.0008398557086295923
1,3,5,2,1.1500000000000001,0.0008222278078086706
1,3,5,2,1.2000000000000002,0.0008040355361890689
1,3,5,2,1.2500000000000002,0.0007853583841131411
1,3,5,2,1.3,0.0007662743335614157
1,3,5,2,1.35,0.0007468593048700021
1,3,5,2,1.4000000000000001,0.00072718667179422
1,3,5,2,1.4500000000000002,0.0007073268462477905
1,3,5,2,1.5000000000000002,0.0006873469324619805
1,3,5,2,1.55,0.0006673104489275072
1,3,5,2,1.6,0.0006472771153192388
1,3,5,2,1.6500000000000001,0.0006273027006644911
1,3,5,2,1.7000000000000002,0.0006074389282956745
1,3,5,2,1.7500000000000002,0.0005877334326155058
1,3,5,2,1.8,0.000568229762380831
1,3,5,2,1.85,0.000548967425058371
1,3,5,2,1.9000000000000001,0.0005299819667993389
1,3,5,2,1.9500000000000002,0.0005113050826959062
1,3,5,2,2.0,0.0004929647521973301
1,3,5,2,2.05,0.0004749853948546511
1,3,5,2,2.1,0.000457388041909543
1,3,5,2,2.15,0.00044019051962658885
1,3,5,2,2.1999999999999997,0.0004234076406728899
1,3,5,2,2.25,0.00040705140026081995
1,3,5,2,2.3,0.0003911311741777878
1,3,5,2,2.35,0.00037565391622214556
1,3,5,2,2.4,0.00036062435294017593
1,3,5,2,2.45,0.00034604517391048986
1,3,5,2,2.5,0.0003319172161459598
1,3,5,2,2.55,0.0003182396414776069
1,3,5,2,2.6,0.0003050101060489588
1,3,5,2,2.65,0.0002922249212834304
1,3,5,2,2.7,0.0002798792058921776
1,3,5,2,2.75,0.00026796702866699925
1,3,5,2,2.8,0.0002564815419540029
1,3,5,2,2.85,0.00024541510583090585
1,3,5,2,2.9,0.0002347594031161464
1,3,5,2,2.95,0.0002245055454236153
1,3,5,2,3.0,0.00021464417054494592
3,5,1,2,0.05,0.0009036720044651303
3,5,1,2,0.1,0.0008531937794888307
3,5,1,2,0.15000000000000002,0.0008015712241604177
3,5,1,2,0.2,0.0007494250943067961
3,5,1,2,0.25,0.0006973525147068496
3,5,1,2,0.3,0.0006459098050424546
3,5,1,2,0.35000000000000003,0.0005955984722303865
3,5,1,2,0.4,0.0005468549280952328
3,5,1,2,0.45,0.0005000441324993032
3,5,1,2,0.5,0.0004554570323074244
3,5,1,2,0.55,0.0004133114008110574
3,5,1,2,0.6000000000000001,0.00037375549982340155
3,5,1,2,0.6500000000000001,0.0003368738914822701
3,5,1,2,0.7000000000000001,0.00030269471026268097
3,5,1,2,0.7500000000000001,0.00027119775118919037
3,5,1,2,0.8,0.00024232281775326108
3,5,1,2,0.8500000000000001,0.00021597788304688974
3,5,1,2,0.9000000000000001,0.00019204673360574605
3,5,1,2,0.9500000000000001,0.00017039587516951598
3,5,1,2,1.0,0.00015088057521963938
3,5,1,2,1.05,0.00013334999486856768
3,5,1,2,1.1,0.0001176514216036548
3,5,1,2,1.1500000000000001,0.0001036336557495554
3,5,1,2,1.2000000000000002,9.114962971578664e-05
3,5,1,2,1.2500000000000002,8.005835305939178e-05
3,5,1,2,1.3,7.022628106258185e-05
3,5,1,2,1.35,6.152820257984198e-05
3,5,1,2,1.4000000000000001,5.384773660844572e-05
3,5,1,2,1.4500000000000002,4.707751817676631e-05
3,5,1,2,1.5000000000000002,4.1119144077693424e-05
3,5,1,2,1.55,3.588293866172329e-05
3,5,1,2,1.6,3.1287589987853725e-05
3,5,1,2,1.6500000000000001,2.725969750307178e-05
3,5,1,2,1.7000000000000002,2.37332642908186e-05
3,5,1,2,1.7500000000000002,2.0649159872411457e-05
3,5,1,2,1.8,1.7954573552480705e-05
3,5,1,2,1.85,1.5602473304945367e-05
3,5,1,2,1.9000000000000001,1.3551081104316003e-05
3,5,1,2,1.9500000000000002,1.1763372309016211e-05
3,5,1,2,2.0,1.0206604087507957e-05
3,5,1,2,2.05,8.851875837662541e-06
3,5,1,2,2.1,7.673722987322734e-06
3,5,1,2,2.15,6.649744392524839e-06
3,5,1,2,2.1999999999999997,5.760262694052642e-06
3,5,1,2,2.25,4.988016388730514e-06
3,5,1,2,2.3,4.317881965364733e-06
3,5,1,2,2.35,3.7366242020628954e-06
3,5,1,2,2.4,3.232672585492672e-06
3,5,1,2,2.45,2.795921764163292e-06
3,5,1,2,2.5,2.417553963601094e-06
3,5,1,2,2.55,2.089881352829793e-06
3,5,1,2,2.6,1.806206444390031e-06
3,5,1,2,2.65,1.5606987230690648e-06
3,5,1,2,2.7,1.3482858230527682e-06
3,5,1,2,2.75,1.1645577029811288e-06
3,5,1,2,2.8,1.0056823986974523e-06
3,5,1,2,2.85,8.683320609729418e-07
3,5,1,2,2.9,7.49618107836645e-07
3,5,1,2,2.95,6.470344368187553e-07
3,5,1,2,3.0,5.584077505008522e-07
1,5,3,2,0.05,0.0009036720044651303
1,5,3,2,0.1,0.0008531937794888307
1,5,3,2,0.15000000000000002,0.0008015712241604177
1,5,3,2,0.2,0.0007494250943067961
1,5,3,2,0.25,0.0006973525147068496
1,5,3,2,0.3,0.0006459098050424546
1,5,3,2,0.35000000000000003,0.0005955984722303865
1,5,3,2,0.4,0.0005468549280952328
1,5,3,2,0.45,0.0005000441324993032
1,5,3,2,0.5,0.0004554570323074244
1,5,3,2,0.55,0.0004133114008110574
1,5,3,2,0.6000000000000001,0.00037375549982340155
1,5,3,2,0.6500000000000001,0.0003368738914822701
1,5,3,2,0.7000000000000001,0.00030269471026268097
1,5,3,2,0.7500000000000001,0.00027119775118919037
1,5,3,2,0.8,0.00024232281775326108
1,5,3,2,0.8500000000000001,0.00021597788304688974
1,5,3,2,0.9000000000000001,0.00019204673360574605
1,5,3,2,0.9500000000000001,0.00017039587516951598
1,5,3,2,1.0,0.00015088057521963938
1,5,3,2,1.05,0.00013334999486856768
1,5,3,2,1.1,0.0001176514216036548
1,5,3,2,1.1500000000000001,0.0001036336557495554
1,5,3,2,1.2000000000000002,9.114962971578664e-05
1,5,3,2,1.2500000000000002,8.005835305939178e-05
1,5,3,2,1.3,7.022628106258185e-05
1,5,3,2,1.35,6.152820257984198e-05
1,5,3,2,1.4000000000000001,5.384773660844572e-05
1,5,3,2,1.4500000000000002,4.707751817676631e-05
1,5,3,2,1.5000000000000002,4.1119144077693424e-05
1,5,3,2,1.55,3.588293866172329e-05
1,5,3,2,1.6,3.1287589987853725e-05
1,5,3,2,1.6500000000000001,2.725969750307178e-05
1,5,3,2,1.7000000000000002,2.37332642908186e-05
1,5,3,2,1.7500000000000002,2.0649159872411457e-05
1,5,3,2,1.8,1.7954573552480705e-05
1,5,3,2,1.85,1.5602473304945367e-05
1,5,3,2,1.9000000000000001,1.3551081104316003e-05
1,5,3,2,1.9500000000000002,1.1763372309016211e-05
1,5,3,2,2.0,1.0206604087507957e-05
1,5,3,2,2.05,8.851875837662541e-06
1,5,3,2,2.1,7.673722987322734e-06
1,5,3,2,2.15,6.649744392524839e-06
1,5,3,2,2.1999999999999997,5.760262694052642e-06
1,5,3,2,2.25,4.988016388730514e-06
1,5,3,2,2.3,4.317881965364733e-06
1,5,3,2,2.35,3.7366242020628954e-06
1,5,3,2,2.4,3.232672585492672e-06
1,5,3,2,2.45,2.795921764163292e-06
1,5,3,2,2.5,2.417553963601094e-06
1,5,3,2,2.55,2.089881352829793e-06
1,5,3,2,2.6,1.806206444390031e-06
1,5,3,2,2.65,1.5606987230690648e-06
1,5,3,2,2.7,1.3482858230527682e-06
1,5,3,2,2.75,1.1645577029811288e-06
1,5,3,2,2.8,1.0056823986974523e-06
1,5,3,2,2.85,8.683320609729418e-07
1,5,3,2,2.9,7.49618107836645e-07
1,5,3,2,2.95,6.470344368187553e-07
1,5,3,2,3.0,5.584077505008522e-07
-1,-1,-1,3,0.05,0.0027179813904580686
-1,-1,-1,3,0.1,0.0027653849179413224
-1,-1,-1,3,0.15000000000000002,0.00280911196268931
-1,-1,-1,3,0.2,0.0028494479818523427
-1,-1,-1,3,0.25,0.002886715939846952
-1,-1,-1,3,0.3,0.002921263056054813
-1,-1,-1,3,0.35000000000000003,0.0029534481761080574
-1,-1,-1,3,0.4,0.0029836302769114913
-1,-1,-1,3,0.45,0.0030121584703486125
-1,-1,-1,3,0.5,0.0030393637254449517
-1,-1,-1,3,0.55,0.0030655523959912455
-1,-1,-1,3,0.6000000000000001,0.0030910015285399517
-1,-1,-1,3,0.6500000000000001,0.003115955838551984
-1,-1,-1,3,0.7000000000000001,0.003140626181139288
-1,-1,-1,3,0.7500000000000001,0.0031651893056175956
-1,-1,-1,3,0.8,0.0031897886666034155
-1,-1,-1,3,0.8500000000000001,0.003214536064492992
-1,-1,-1,3,0.9000000000000001,0.003239513900517503
-1,-1,-1,3,0.9500000000000001,0.003264777852140025
-1,-1,-1,3,1.0,0.0032903597998728074
-1,-1,-1,3,1.05,0.0033162708638613454
-1,-1,-1,3,1.1,0.0033425044357149134
-1,-1,-1,3,1.1500000000000001,0.0033690391166096034
-1,-1,-1,3,1.2000000000000002,0.0033958414957379127
-1,-1,-1,3,1.2500000000000002,0.00342286872324698
-1,-1,-1,3,1.3,0.003450070848736318
-1,-1,-1,3,1.35,0.0034773929102427407
-1,-1,-1,3,1.4000000000000001,0.003504776769639982
-1,-1,-1,3,1.4500000000000002,0.0035321626988234624
-1,-1,-1,3,1.5000000000000002,0.0035594907272761714
-1,-1,-1,3,1.55,0.003586701765966041
-1,-1,-1,3,1.6,0.003613738525339611
-1,-1,-1,3,1.6500000000000001,0.003640546246754973
-1,-1,-1,3,1.7000000000000002,0.0036670732673077296
-1,-1,-1,3,1.7500000000000002,0.0036932714378789763
-1,-1,-1,3,1.8,0.003719096413569492
-1,-1,-1,3,1.85,0.0037445078346405353
-1,-1,-1,3,1.9000000000000001,0.003769469414789318
-1,-1,-1,3,1.9500000000000002,0.0037939489521494132
-1,-1,-1,3,2.0,0.0038179182769032243
-1,-1,-1,3,2.05,0.0038413531478854865
-1,-1,-1,3,2.1,0.0038642331090879434
-1,-1,-1,3,2.15,0.0038865413155770236
-1,-1,-1,3,2.1999999999999997,0.0039082643370292065
-1,-1,-1,3,2.25,0.003929391945885197
-1,-1,-1,3,2.3,0.00394991689603033
-1,-1,-1,3,2.35,0.003969834696925831
-1,-1,-1,3,2.4,0.003989143387241853
-1,-1,-1,3,2.45,0.004007843311273677
-1,-1,-1,3,2.5,0.0040259369007509
-1,-1,-1,3,2.55,0.004043428464068755
-1,-1,-1,3,2.6,0.0040603239844725705
-1,-1,-1,3,2.65,0.004076630928303464
-1,-1,-1,3,2.7,0.004092358064057064
-1,-1,-1,3,2.75,0.004107515292710481
-1,-1,-1,3,2.8,0.004122113489528094
-1,-1,-1,3,2.85,0.0041361643573578685
-1,-1,-1,3,2.9,0.004149680291270349
-1,-1,-1,3,2.95,0.004162674254266933
-1,-1,-1,3,3.0,0.004175159663687388
-1,1,-1,3,0.05,0.002216676604096212
-1,1,-1,3,0.1,0.0022001582226729055
-1,1,-1,3,0.15000000000000002,0.002173016757835471
-1,1,-1,3,0.2,0.002135816380181787
-1,1,-1,3,0.25,0.002089309490974316
-1,1,-1,3,0.3,0.002034403091551265
-1,1,-1,3,0.35000000000000003,0.001972120415845682
-1,1,-1,3,0.4,0.0019035606047717222
-1,1,-1,3,0.45,0.0018298590479902082
-1,1,-1,3,0.5,0.0017521506264621478
-1,1,-1,3,0.55,0.0016715375431411205
-1,1,-1,3,0.6000000000000001,0.001589062820281
-1,1,-1,3,0.6500000000000001,0.0015056899511805319
-1,1,-1,3,0.7000000000000001,0.0014222886820997524
-1,1,-1,3,0.7500000000000001,0.0013396265021366179
-1,1,-1,3,0.8,0.0012583651472408421
-1,1,-1,3,0.8500000000000001,0.001179061273031356
-1,1,-1,3,0.9000000000000001,0.00110217040141652
-1,1,-1,3,0.9500000000000001,0.0010280532741112538
-1,1,-1,3,1.0,0.0009569838270696522
-1,1,-1,3,1.05,0.0008891581111697194
-1,1,-1,3,1.1,0.0008247036080516267
-1,1,-1,3,1.1500000000000001,0.0007636885125181107
-1,1,-1,3,1.2000000000000002,0.0007061306656146246
-1,1,-1,3,1.2500000000000002,0.0006520059205026311
-1,1,-1,3,1.3,0.0006012558045251895
-1,1,-1,3,1.35,0.0005537944054752153
-1,1,-1,3,1.4000000000000001,0.0005095144593215363
-1,1,-1,3,1.4500000000000002,0.0004682926525141582
-1,1,-1,3,1.5000000000000002,0.0004299941767208614
-1,1,-1,3,1.55,0.0003944765896596976
-1,1,-1,3,1.6,0.00036159304461237896
-1,1,-1,3,1.6500000000000001,0.00033119495498487914
-1,1,-1,3,1.7000000000000002,0.00030313416037776385
-1,1,-1,3,1.7500000000000002,0.000277264658204448
-1,1,-1,3,1.8,0.00025344396085488823
-1,1,-1,3,1.85,0.0002315341334265529
-1,1,-1,3,1.9000000000000001,0.0002114025616318513
-1,1,-1,3,1.9500000000000002,0.00019292249399320392
-1,1,-1,3,2.0,0.0001759733970917327
-1,1,-1,3,2.05,0.0001604411575952944
-1,1,-1,3,2.1,0.00014621816014505858
-1,1,-1,3,2.15,0.00013320326597025803
-1,1,-1,3,2.1999999999999997,0.0001213017133395944
-1,1,-1,3,2.25,0.00011042495763530498
-1,1,-1,3,2.3,0.00010049046592877092
-1,1,-1,3,2.35,9.14214784136151e-05
-1,1,-1,3,2.4,8.314674687841767e-05
-1,1,-1,3,2.45,7.560025854020955e-05
-1,1,-1,3,2.5,6.87209519762385e-05
-1,1,-1,3,2.55,6.245243055133451e-05
-1,1,-1,3,2.6,5.674267761026488e-05
-1,1,-1,3,2.65,5.1543776760252464e-05
-1,1,-1,3,2.7,4.681163978277403e-05
-1,1,-1,3,2.75,4.250574406313561e-05
-1,1,-1,3,2.8,3.858888089114141e-05
-1,1,-1,3,2.85,3.502691554896498e-05
-1,1,-1,3,2.9,3.178855974791006e-05
-1,1,-1,3,2.95,2.8845156691007008e-05
-1,1,-1,3,3.0,2.617047881205108e-05
-1,-1,1,3,0.05,0.002288677100387545
-1,-1,1,3,0.1,0.002354752935535005
-1,-1,1,3,0.15000000000000002,0.002420520609110949
-1,-1,1,3,0.2,0.0024860526745171013
-1,-1,1,3,0.25,0.0025514190252538143
-1,-1,1,3,0.3,0.002616683139934677
-1,-1,1,3,0.35000000000000003,0.0026818990014413086
-1,-1,1,3,0.4,0.0027471087384899613
-1,-1,1,3,0.45,0.0028123409944965207
-1,-1,1,3,0.5,0.002877609992749708
-1,-1,1,3,0.55,0.002942915239381687
-1,-1,1,3,0.6000000000000001,0.003008241786455241
-1,-1,1,3,0.6500000000000001,0.003073560966037394
-1,-1,1,3,0.7000000000000001,0.003138831501373394
-1,-1,1,3,0.7500000000000001,0.0032040009019830254
-1,-1,1,3,0.8,0.0032690070543970337
-1,-1,1,3,0.8500000000000001,0.003333779928122051
-1,-1,1,3,0.9000000000000001,0.0033982433261870327
-1,-1,1,3,0.9500000000000001,0.0034623166203713467
-1,-1,1,3,1.0,0.0035259164222125397
-1,-1,1,3,1.05,0.003588958151583008
-1,-1,1,3,1.1,0.0036513574746094633
-1,-1,1,3,1.1500000000000001,0.00371303159172336
-1,-1,1,3,1.2000000000000002,0.003773900364522394
-1,-1,1,3,1.2500000000000002,0.0038338872768301177
-1,-1,1,3,1.3,0.0038929202308673394
-1,-1,1,3,1.35,0.003950932183849622
-1,-1,1,3,1.4000000000000001,0.00400786163368731
-1,-1,1,3,1.4500000000000002,0.004063652964896649
-1,-1,1,3,1.5000000000000002,0.0041182566674515956
-1,-1,1,3,1.55,0.004171629442237705
-1,-1,1,3,1.6,0.004223734207130742
-1,-1,1,3,1.6500000000000001,0.004274540017625137
-1,-1,1,3,1.7000000000000002,0.004324021915483133
-1,-1,1,3,1.7500000000000002,0.00437216071815503
-1,-1,1,3,1.8,0.004418942760813183
-1,-1,1,3,1.85,0.004464359601814086
-1,-1,1,3,1.9000000000000001,0.004508407701309286
-1,-1,1,3,1.9500000000000002,0.004551088081611646
-1,-1,1,3,2.0,0.004592405976823745
-1,-1,1,3,2.05,0.004632370478176194
-1,-1,1,3,2.1,0.0046709941805249885
-1,-1,1,3,2.15,0.004708292834531072
-1,-1,1,3,2.1999999999999997,0.004744285008200587
-1,-1,1,3,2.25,0.004778991760703976
-1,-1,1,3,2.3,0.004812436330717127
-1,-1,1,3,2.35,0.004844643840935886
-1,-1,1,3,2.4,0.004875641019902851
-1,-1,1,3,2.45,0.004905455941847445
-1,-1,1,3,2.5,0.004934117784870817
-1,-1,1,3,2.55,0.0049616566075002195
-1,-1,1,3,2.6,0.00498810314338646
-1,-1,1,3,2.65,0.005013488613716705
-1,-1,1,3,2.7,0.005037844556757152
-1,-1,1,3,2.75,0.005061202673820112
-1,-1,1,3,2.8,0.005083594690862579
-1,-1,1,3,2.85,0.005105052234863484
-1,-1,1,3,2.9,0.005125606724090057
-1,-1,1,3,2.95,0.005145289271346244
-1,-1,1,3,3.0,0.005164130599294346
-1,3,-1,3,0.05,0.002357978753087554
-1,3,-1,3,0.1,0.002498486724053254
-1,3,-1,3,0.15000000000000002,0.0026435813948948294
-1,3,-1,3,0.2,0.0027930687129917807
-1,3,-1,3,0.25,0.002946726198631556
-1,3,-1,3,0.3,0.003104304241752329
-1,3,-1,3,0.35000000000000003,0.0032655277962662737
-1,3,-1,3,0.4,0.0034300984477070302
-1,3,-1,3,0.45,0.003597696820107621
-1,3,-1,3,0.5,0.0037679852791461287
-1,3,-1,3,0.55,0.0039406108810627095
-1,3,-1,3,0.6000000000000001,0.004115208510955965
-1,3,-1,3,0.6500000000000001,0.0042914041500310965
-1,3,-1,3,0.7000000000000001,0.0044688182093252475
-1,3,-1,3,0.7500000000000001,0.004647068867406677
-1,3,-1,3,0.8,0.004825775351466432
-1,3,-1,3,0.8500000000000001,0.005004561104937023
-1,3,-1,3,0.9000000000000001,0.005183056790049175
-1,3,-1,3,0.9500000000000001,0.0053609030802836966
-1,3,-1,3,1.0,0.005537753205161138
-1,3,-1,3,1.05,0.005713275217890512
-1,3,-1,3,1.1,0.0058871539647257776
-1,3,-1,3,1.1500000000000001,0.0060590927431325775
-1,3,-1,3,1.2000000000000002,0.0062288146437600575
-1,3,-1,3,1.2500000000000002,0.006396063578503466
-1,3,-1,3,1.3,0.006560605003444473
-1,3,-1,3,1.35,0.006722226351036329
-1,3,-1,3,1.4000000000000001,0.006880737190482891
-1,3,-1,3,1.4500000000000002,0.00703596913881759
-1,3,-1,3,1.5000000000000002,0.0071877755477389275
-1,3,-1,3,1.55,0.007336030992857448
-1,3,-1,3,1.6,0.007480630592738627
-1,3,-1,3,1.6500000000000001,0.00762148918508937
-1,3,-1,3,1.7000000000000002,0.007758540386747903
-1,3,-1,3,1.7500000000000002,0.007891735562916856
-1,3,-1,3,1.8,0.008021042729446051
-1,3,-1,3,1.85,0.008146445410036934
-1,3,-1,3,1.9000000000000001,0.008267941468107854
-1,3,-1,3,1.9500000000000002,0.00838554193081943
-1,3,-1,3,2.0,0.008499269820490209
-1,3,-1,3,2.05,0.008609159006399006
-1,3,-1,3,2.1,0.008715253087823196
-1,3,-1,3,2.15,0.008817604317140317
-1,3,-1,3,2.1999999999999997,0.008916272569951558
-1,3,-1,3,2.25,0.009011324367487165
-1,3,-1,3,2.3,0.0091028319550354
-1,3,-1,3,2.35,0.009190872438799982
-1,3,-1,3,2.4,0.009275526982433386
-1,3,-1,3,2.45,0.009356880063506996
-1,3,-1,3,2.5,0.009435018789353882
-1,3,-1,3,2.55,0.009510032271042766
-1,3,-1,3,2.6,0.009582011053699619
-1,3,-1,3,2.65,0.009651046600971009
-1,3,-1,3,2.7,0.009717230831107454
-1,3,-1,3,2.75,0.009780655701920993
-1,3,-1,3,2.8,0.0098414128417264
-1,3,-1,3,2.85,0.009899593223297212
-1,3,-1,3,2.9,0.009955286877845233
-1,3,-1,3,2.95,0.010008582646055007
-1,3,-1,3,3.0,0.01005956796326417
-1,-1,3,3,0.05,0.002216676604096212
-1,-1,3,3,0.1,0.0022001582226729055
-1,-1,3,3,0.15000000000000002,0.002173016757835471
-1,-1,3,3,0.2,0.002135816380181787
-1,-1,3,3,0.25,0.002089309490974316
-1,-1,3,3,0.3,0.002034403091551265
-1,-1,3,3,0.35000000000000003,0.001972120415845682
-1,-1,3,3,0.4,0.0019035606047717222
-1,-1,3,3,0.45,0.0018298590479902085
-1,-1,3,3,0.5,0.0017521506264621478
-1,-1,3,3,0.55,0.0016715375431411203
-1,-1,3,3,0.6000000000000001,0.001589062820281
-1,-1,3,3,0.6500000000000001,0.001505689951180532
-1,-1,3,3,0.7000000000000001,0.001422288682099752
-1,-1,3,3,0.7500000000000001,0.0013396265021366177
-1,-1,3,3,0.8,0.0012583651472408421
-1,-1,3,3,0.8500000000000001,0.001179061273031356
-1,-1,3,3,0.9000000000000001,0.0011021704014165198
-1,-1,3,3,0.9500000000000001,0.0010280532741112538
-1,-1,3,3,1.0,0.0009569838270696522
-1,-1,3,3,1.05,0.0008891581111697194
-1,-1,3,3,1.1,0.0008247036080516267
-1,-1,3,3,1.1500000000000001,0.0007636885125181108
-1,-1,3,3,1.2000000000000002,0.0007061306656146246
-1,-1,3,3,1.2500000000000002,0.0006520059205026311
-1,-1,3,3,1.3,0.0006012558045251894
-1,-1,3,3,1.35,0.0005537944054752153
-1,-1,3,3,1.4000000000000001,0.0005095144593215363
-1,-1,3,3,1.4500000000000002,0.0004682926525141581
-1,-1,3,3,1.5000000000000002,0.0004299941767208613
-1,-1,3,3,1.55,0.0003944765896596976
-1,-1,3,3,1.6,0.00036159304461237896
-1,-1,3,3,1.6500000000000001,0.00033119495498487914
-1,-1,3,3,1.7000000000000002,0.0003031341603777639
-1,-1,3,3,1.7500000000000002,0.000277264658204448
-1,-1,3,3,1.8,0.00025344396085488823
-1,-1,3,3,1.85,0.0002315341334265529
-1,-1,3,3,1.9000000000000001,0.00021140256163185134
-1,-1,3,3,1.9500000000000002,0.00019292249399320395
-1,-1,3,3,2.0,0.0001759733970917327
-1,-1,3,3,2.05,0.0001604411575952944
-1,-1,3,3,2.1,0.00014621816014505858
-1,-1,3,3,2.15,0.00013320326597025803
-1,-1,3,3,2.1999999999999997,0.0001213017133395944
-1,-1,3,3,2.25,0.00011042495763530498
-1,-1,3,3,2.3,0.00010049046592877092
-1,-1,3,3,2.35,9.142147841361512e-05
-1,-1,3,3,2.4,8.314674687841765e-05
-1,-1,3,3,2.45,7.560025854020955e-05
-1,-1,3,3,2.5,6.872095197623847e-05
-1,-1,3,3,2.55,6.245243055133451e-05
-1,-1,3,3,2.6,5.674267761026488e-05
-1,-1,3,3,2.65,5.154377676025245e-05
-1,-1,3,3,2.7,4.681163978277403e-05
-1,-1,3,3,2.75,4.250574406313561e-05
-1,-1,3,3,2.8,3.85888808911414e-05
-1,-1,3,3,2.85,3.502691554896498e-05
-1,-1,3,3,2.9,3.1788559747910045e-05
-1,-1,3,3,2.95,2.8845156691007008e-05
-1,-1,3,3,3.0,2.617047881205107e-05
-1,5,-1,3,0.05,0.002216676604096212
-1,5,-1,3,0.1,0.0022001582226729055
-1,5,-1,3,0.15000000000000002,0.002173016757835471
-1,5,-1,3,0.2,0.0021358163801817875
-1,5,-1,3,0.25,0.002089309490974316
-1,5,-1,3,0.3,0.002034403091551265
-1,5,-1,3,0.35000000000000003,0.001972120415845682
-1,5,-1,3,0.4,0.0019035606047717217
-1,5,-1,3,0.45,0.0018298590479902082
-1,5,-1,3,0.5,0.0017521506264621478
-1,5,-1,3,0.55,0.0016715375431411205
-1,5,-1,3,0.6000000000000001,0.001589062820281
-1,5,-1,3,0.6500000000000001,0.001505689951180532
-1,5,-1,3,0.7000000000000001,0.001422288682099752
-1,5,-1,3,0.7500000000000001,0.0013396265021366177
-1,5,-1,3,0.8,0.0012583651472408421
-1,5,-1,3,0.8500000000000001,0.001179061273031356
-1,5,-1,3,0.9000000000000001,0.00110217040141652
-1,5,-1,3,0.9500000000000001,0.001028053274111254
-1,5,-1,3,1.0,0.0009569838270696522
-1,5,-1,3,1.05,0.0008891581111697192
-1,5,-1,3,1.1,0.0008247036080516267
-1,5,-1,3,1.1500000000000001,0.0007636885125181108
-1,5,-1,3,1.2000000000000002,0.0007061306656146246
-1,5,-1,3,1.2500000000000002,0.0006520059205026311
-1,5,-1,3,1.3,0.0006012558045251895
-1,5,-1,3,1.35,0.0005537944054752153
-1,5,-1,3,1.4000000000000001,0.0005095144593215363
-1,5,-1,3,1.4500000000000002,0.0004682926525141581
-1,5,-1,3,1.5000000000000002,0.0004299941767208613
-1,5,-1,3,1.55,0.00039447658965969764
-1,5,-1,3,1.6,0.00036159304461237896
-1,5,-1,3,1.6500000000000001,0.00033119495498487914
-1,5,-1,3,1.7000000000000002,0.00030313416037776385
-1,5,-1,3,1.7500000000000002,0.000277264658204448
-1,5,-1,3,1.8,0.00025344396085488823
-1,5,-1,3,1.85,0.0002315341334265529
-1,5,-1,3,1.9000000000000001,0.0002114025616318513
-1,5,-1,3,1.9500000000000002,0.00019292249399320392
-1,5,-1,3,2.0,0.0001759733970917327
-1,5,-1,3,2.05,0.0001604411575952944
-1,5,-1,3,2.1,0.00014621816014505858
-1,5,-1,3,2.15,0.00013320326597025803
-1,5,-1,3,2.1999999999999997,0.00012130171333959435
-1,5,-1,3,2.25,0.00011042495763530498
-1,5,-1,3,2.3,0.00010049046592877089
-1,5,-1,3,2.35,9.142147841361511e-05
-1,5,-1,3,2.4,8.314674687841765e-05
-1,5,-1,3,2.45,7.560025854020955e-05
-1,5,-1,3,2.5,6.872095197623849e-05
-1,5,-1,3,2.55,6.245243055133453e-05
-1,5,-1,3,2.6,5.674267761026488e-05
-1,5,-1,3,2.65,5.154377676025245e-05
-1,5,-1,3,2.7,4.681163978277402e-05
-1,5,-1,3,2.75,4.2505744063135595e-05
-1,5,-1,3,2.8,3.858888089114141e-05
-1,5,-1,3,2.85,3.5026915548964976e-05
-1,5,-1,3,2.9,3.178855974791005e-05
-1,5,-1,3,2.95,2.8845156691007008e-05
-1,5,-1,3,3.0,2.617047881205108e-05
-1,-1,5,3,0.05,0.002288677100387545
-1,-1,5,3,0.1,0.002354752935535005
-1,-1,5,3,0.15000000000000002,0.0024205206091109485
-1,-1,5,3,0.2,0.0024860526745171013
-1,-1,5,3,0.25,0.0025514190252538143
-1,-1,5,3,0.3,0.0026166831399346774
-1,-1,5,3,0.35000000000000003,0.002681899001441308
-1,-1,5,3,0.4,0.0027471087384899604
-1,-1,5,3,0.45,0.0028123409944965207
-1,-1,5,3,0.5,0.002877609992749708
-1,-1,5,3,0.55,0.002942915239381687
-1,-1,5,3,0.6000000000000001,0.003008241786455241
-1,-1,5,3,0.6500000000000001,0.0030735609660373932
-1,-1,5,3,0.7000000000000001,0.003138831501373394
-1,-1,5,3,0.7500000000000001,0.0032040009019830263
-1,-1,5,3,0.8,0.003269007054397033
-1,-1,5,3,0.8500000000000001,0.003333779928122051
-1,-1,5,3,0.9000000000000001,0.0033982433261870327
-1,-1,5,3,0.9500000000000001,0.0034623166203713476
-1,-1,5,3,1.0,0.0035259164222125397
-1,-1,5,3,1.05,0.003588958151583008
-1,-1,5,3,1.1,0.0036513574746094633
-1,-1,5,3,1.1500000000000001,0.00371303159172336
-1,-1,5,3,1.2000000000000002,0.003773900364522395
-1,-1,5,3,1.2500000000000002,0.0038338872768301177
-1,-1,5,3,1.3,0.003892920230867338
-1,-1,5,3,1.35,0.003950932183849621
-1,-1,5,3,1.4000000000000001,0.00400786163368731
-1,-1,5,3,1.4500000000000002,0.00406365296489665
-1,-1,5,3,1.5000000000000002,0.0041182566674515956
-1,-1,5,3,1.55,0.004171629442237705
-1,-1,5,3,1.6,0.004223734207130742
-1,-1,5,3,1.6500000000000001,0.004274540017625136
-1,-1,5,3,1.7000000000000002,0.004324021915483132
-1,-1,5,3,1.7500000000000002,0.00437216071815503
-1,-1,5,3,1.8,0.004418942760813183
-1,-1,5,3,1.85,0.004464359601814086
-1,-1,5,3,1.9000000000000001,0.004508407701309286
-1,-1,5,3,1.9500000000000002,0.004551088081611647
-1,-1,5,3,2.0,0.004592405976823743
-1,-1,5,3,2.05,0.004632370478176194
-1,-1,5,3,2.1,0.0046709941805249885
-1,-1,5,3,2.15,0.004708292834531073
-1,-1,5,3,2.1999999999999997,0.004744285008200587
-1,-1,5,3,2.25,0.004778991760703976
-1,-1,5,3,2.3,0.00481243633071713
-1,-1,5,3,2.35,0.004844643840935886
-1,-1,5,3,2.4,0.004875641019902851
-1,-1,5,3,2.45,0.004905455941847445
-1,-1,5,3,2.5,0.004934117784870817
-1,-1,5,3,2.55,0.004961656607500219
-1,-1,5,3,2.6,0.004988103143386459
-1,-1,5,3,2.65,0.005013488613716705
-1,-1,5,3,2.7,0.005037844556757154
-1,-1,5,3,2.75,0.0050612026738201124
-1,-1,5,3,2.8,0.005083594690862579
-1,-1,5,3,2.85,0.005105052234863484
-1,-1,5,3,2.9,0.005125606724090057
-1,-1,5,3,2.95,0.005145289271346244
-1,-1,5,3,3.0,0.005164130599294345
5,1,3,3,0.05,0.0009500042588983766
5,1,3,3,0.1,0.0009429249525741025
5,1,3,3,0.15000000000000002,0.0009312928962152018
5,1,3,3,0.2,0.0009153498772207661
5,1,3,3,0.25,0.0008954183532747068
5,1,3,3,0.3,0.0008718870392362564
5,1,3,3,0.35000000000000003,0.0008451944639338638
5,1,3,3,0.4,0.0008158116877593095
5,1,3,3,0.45,0.0007842253062815179
5,1,3,3,0.5,0.0007509216970552063
5,1,3,3,0.55,0.000716373232774766
5,1,3,3,0.6000000000000001,0.0006810269229775715
5,1,3,3,0.6500000000000001,0.0006452956933630851
5,1,3,3,0.7000000000000001,0.0006095522923284653
5,1,3,3,0.7500000000000001,0.0005741256437728362
5,1,3,3,0.8,0.0005392993488175038
5,1,3,3,0.8500000000000001,0.0005053119741562955
5,1,3,3,0.9000000000000001,0.0004723587434642229
5,1,3,3,0.9500000000000001,0.00044059426033339453
5,1,3,3,1.0,0.00041013592588699387
5,1,3,3,1.05,0.0003810677619298798
5,1,3,3,1.1,0.0003534444034506972
5,1,3,3,1.1500000000000001,0.00032729507679347605
5,1,3,3,1.2000000000000002,0.0003026274281205534
5,1,3,3,1.2500000000000002,0.0002794311087868419
5,1,3,3,1.3,0.0002576810590822241
5,1,3,3,1.35,0.000237340459489378
5,1,3,3,1.4000000000000001,0.00021836333970922986
5,1,3,3,1.4500000000000002,0.00020069685107749636
5,1,3,3,1.5000000000000002,0.0001842832185946549
5,1,3,3,1.55,0.00016906139556844183
5,1,3,3,1.6,0.00015496844769101955
5,1,3,3,1.6500000000000001,0.00014194069499351964
5,1,3,3,1.7000000000000002,0.0001299146401618988
5,1,3,3,1.7500000000000002,0.00011882771065904916
5,1,3,3,1.8,0.00010861884036638067
5,1,3,3,1.85,9.922891432566553e-05
5,1,3,3,1.9000000000000001,9.060109784222199e-05
5,1,3,3,1.9500000000000002,8.268106885423025e-05
5,1,3,3,2.0,7.541717018217117e-05
5,1,3,3,2.05,6.876049611226902e-05
5,1,3,3,2.1,6.266492577645369e-05
5,1,3,3,2.15,5.708711398725344e-05
5,1,3,3,2.1999999999999997,5.198644857411188e-05
5,1,3,3,2.25,4.732498184370214e-05
5,1,3,3,2.3,4.306734254090182e-05
5,1,3,3,2.35,3.918063360583504e-05
5,1,3,3,2.4,3.563432009075043e-05
5,1,3,3,2.45,3.240011080294696e-05
5,1,3,3,2.5,2.9451836561245074e-05
5,1,3,3,2.55,2.6765327379143365e-05
5,1,3,3,2.6,2.4318290404399238e-05
5,1,3,3,2.65,2.20901900401082e-05
5,1,3,3,2.7,2.0062131335474585e-05
5,1,3,3,2.75,1.8216747455629546e-05
5,1,3,3,2.8,1.6538091810489177e-05
5,1,3,3,2.85,1.5011535235270707e-05
5,1,3,3,2.9,1.3623668463390027e-05
5,1,3,3,2.95,1.2362210010431574e-05
5,1,3,3,3.0,1.1215919490879035e-05
3,1,5,3,0.05,0.0009500042588983766
3,1,5,3,0.1,0.0009429249525741025
3,1,5,3,0.15000000000000002,0.0009312928962152018
3,1,5,3,0.2,0.0009153498772207661
3,1,5,3,0.25,0.0008954183532747068
3,1,5,3,0.3,0.0008718870392362564
3,1,5,3,0.35000000000000003,0.0008451944639338638
3,1,5,3,0.4,0.0008158116877593095
3,1,5,3,0.45,0.0007842253062815179
3,1,5,3,0.5,0.0007509216970552063
3,1,5,3,0.55,0.000716373232774766
3,1,5,3,0.6000000000000001,0.0006810269229775715
3,1,5,3,0.6500000000000001,0.0006452956933630851
3,1,5,3,0.7000000000000001,0.0006095522923284653
3,1,5,3,0.7500000000000001,0.0005741256437728362
3,1,5,3,0.8,0.0005392993488175038
3,1,5,3,0.8500000000000001,0.0005053119741562955
3,1,5,3,0.9000000000000001,0.0004723587434642229
3,1,5,3,0.9500000000000001,0.00044059426033339453
3,1,5,3,1.0,0.00041013592588699387
3,1,5,3,1.05,0.0003810677619298798
3,1,5,3,1.1,0.0003534444034506972
3,1,5,3,1.1500000000000001,0.00032729507679347605
3,1,5,3,1.2000000000000002,0.0003026274281205534
3,1,5,3,1.2500000000000002,0.0002794311087868419
3,1,5,3,1.3,0.0002576810590822241
3,1,5,3,1.35,0.000237340459489378
3,1,5,3,1.4000000000000001,0.00021836333970922986
3,1,5,3,1.4500000000000002,0.00020069685107749636
3,1,5,3,1.5000000000000002,0.0001842832185946549
3,1,5,3,1.55,0.00016906139556844183
3,1,5,3,1.6,0.00015496844769101955
3,1,5,3,1.6500000000000001,0.00014194069499351964
3,1,5,3,1.7000000000000002,0.0001299146401618988
3,1,5,3,1.7500000000000002,0.00011882771065904916
3,1,5,3,1.8,0.00010861884036638067
3,1,5,3,1.85,9.922891432566553e-05
3,1,5,3,1.9000000000000001,9.060109784222199e-05
3,1,5,3,1.9500000000000002,8.268106885423025e-05
3,1,5,3,2.0,7.541717018217117e-05
3,1,5,3,2.05,6.876049611226902e-05
3,1,5,3,2.1,6.266492577645369e-05
3,1,5,3,2.15,5.708711398725344e-05
3,1,5,3,2.1999999999999997,5.198644857411188e-05
3,1,5,3,2.25,4.732498184370214e-05
3,1,5,3,2.3,4.306734254090182e-05
3,1,5,3,2.35,3.918063360583504e-05
3,1,5,3,2.4,3.563432009075043e-05
3,1,5,3,2.45,3.240011080294696e-05
3,1,5,3,2.5,2.9451836561245074e-05
3,1,5,3,2.55,2.6765327379143365e-05
3,1,5,3,2.6,2.4318290404399238e-05
3,1,5,3,2.65,2.20901900401082e-05
3,1,5,3,2.7,2.0062131335474585e-05
3,1,5,3,2.75,1.8216747455629546e-05
3,1,5,3,2.8,1.6538091810489177e-05
3,1,5,3,2.85,1.5011535235270707e-05
3,1,5,3,2.9,1.3623668463390027e-05
3,1,5,3,2.95,1.2362210010431574e-05
3,1,5,3,3.0,1.1215919490879035e-05
5,3,1,3,0.05,0.0010105623227518088
5,3,1,3,0.1,0.0010707800245942517
5,3,1,3,0.15000000000000002,0.0011329634549549269
5,3,1,3,0.2,0.001197029448425049
5,3,1,3,0.25,0.0012628826565563812
5,3,1,3,0.3,0.001330416103608141
5,3,1,3,0.35000000000000003,0.0013995119126855458
5,3,1,3,0.4,0.0014700421918744416
5,3,1,3,0.45,0.0015418700657604091
5,3,1,3,0.5,0.0016148508339197695
5,3,1,3,0.55,0.0016888332347411614
5,3,1,3,0.6000000000000001,0.0017636607904096993
5,3,1,3,0.6500000000000001,0.0018391732071561843
5,3,1,3,0.7000000000000001,0.0019152078039965346
5,3,1,3,0.7500000000000001,0.00199160094317429
5,3,1,3,0.8,0.002068189436342757
5,3,1,3,0.8500000000000001,0.002144811902115867
5,3,1,3,0.9000000000000001,0.0022213100528782176
5,3,1,3,0.9500000000000001,0.0022975298915501557
5,3,1,3,1.0,0.0023733228022119164
5,3,1,3,1.05,0.002448546521953077
5,3,1,3,1.1,0.0025230659848824765
5,3,1,3,1.1500000000000001,0.0025967540327711046
5,3,1,3,1.2000000000000002,0.002669491990182882
5,3,1,3,1.2500000000000002,0.002741170105072914
5,3,1,3,1.3,0.00281168785861906
5,3,1,3,1.35,0.0028809541504441413
5,3,1,3,1.4000000000000001,0.0029488873673498106
5,3,1,3,1.4500000000000002,0.003015415345207539
5,3,1,3,1.5000000000000002,0.0030804752347452545
5,3,1,3,1.55,0.0031440132826531923
5,3,1,3,1.6,0.003205984539745126
5,3,1,3,1.6500000000000001,0.0032663525078954446
5,3,1,3,1.7000000000000002,0.003325088737177673
5,3,1,3,1.7500000000000002,0.0033821723841072245
5,3,1,3,1.8,0.003437589741191165
5,3,1,3,1.85,0.003491333747158686
5,3,1,3,1.9000000000000001,0.0035434034863319375
5,3,1,3,1.9500000000000002,0.0035938036846368984
5,3,1,3,2.0,0.0036425442087815183
5,3,1,3,2.05,0.0036896395741710026
5,3,1,3,2.1,0.003735108466209941
5,3,1,3,2.15,0.0037789732787744217
5,3,1,3,2.1999999999999997,0.0038212596728363817
5,3,1,3,2.25,0.0038619961574944996
5,3,1,3,2.3,0.0039012136950151714
5,3,1,3,2.35,0.003938945330914279
5,3,1,3,2.4,0.003975225849614308
5,3,1,3,2.45,0.0040100914557887135
5,3,1,3,2.5,0.004043579481151664
5,3,1,3,2.55,0.0040757281161611855
5,3,1,3,2.6,0.004106576165871265
5,3,1,3,2.65,0.004136162828987575
5,3,1,3,2.7,0.004164527499046052
5,3,1,3,2.75,0.004191709586537569
5,3,1,3,2.8,0.004217748360739886
5,3,1,3,2.85,0.00424268280998452
5,3,1,3,2.9,0.004266551519076529
5,3,1,3,2.95,0.004289392562595003
5,3,1,3,3.0,0.0043112434128275015
1,3,5,3,0.05,0.0010105623227518088
1,3,5,3,0.1,0.0010707800245942517
1,3,5,3,0.15000000000000002,0.0011329634549549269
1,3,5,3,0.2,0.001197029448425049
1,3,5,3,0.25,0.0012628826565563812
1,3,5,3,0.3,0.001330416103608141
1,3,5,3,0.35000000000000003,0.0013995119126855458
1,3,5,3,0.4,0.0014700421918744416
1,3,5,3,0.45,0.0015418700657604091
1,3,5,3,0.5,0.0016148508339197695
1,3,5,3,0.55,0.0016888332347411614
1,3,5,3,0.6000000000000001,0.0017636607904096993
1,3,5,3,0.6500000000000001,0.0018391732071561843
1,3,5,3,0.7000000000000001,0.0019152078039965346
1,3,5,3,0.7500000000000001,0.00199160094317429
1,3,5,3,0.8,0.002068189436342757
1,3,5,3,0.8500000000000001,0.002144811902115867
1,3,5,3,0.9000000000000001,0.0022213100528782176
1,3,5,3,0.9500000000000001,0.0022975298915501557
1,3,5,3,1.0,0.0023733228022119164
1,3,5,3,1.05,0.002448546521953077
1,3,5,3,1.1,0.0025230659848824765
1,3,5,3,1.1500000000000001,0.0025967540327711046
1,3,5,3,1.2000000000000002,0.002669491990182882
1,3,5,3,1.2500000000000002,0.002741170105072914
1,3,5,3,1.3,0.00281168785861906
1,3,5,3,1.35,0.0028809541504441413
1,3,5,3,1.4000000000000001,0.0029488873673498106
1,3,5,3,1.4500000000000002,0.003015415345207539
1,3,5,3,1.5000000000000002,0.0030804752347452545
1,3,5,3,1.55,0.0031440132826531923
1,3,5,3,1.6,0.003205984539745126
1,3,5,3,1.6500000000000001,0.0032663525078954446
1,3,5,3,1.7000000000000002,0.003325088737177673
1,3,5,3,1.7500000000000002,0.0033821723841072245
1,3,5,3,1.8,0.003437589741191165
1,3,5,3,1.85,0.003491333747158686
1,3,5,3,1.9000000000000001,0.0035434034863319375
1,3,5,3,1.9500000000000002,0.0035938036846368984
1,3,5,3,2.0,0.0036425442087815183
1,3,5,3,2.05,0.0036896395741710026
1,3,5,3,2.1,0.003735108466209941
1,3,5,3,2.15,0.0037789732787744217
1,3,5,3,2.1999999999999997,0.0038212596728363817
1,3,5,3,2.25,0.0038619961574944996
1,3,5,3,2.3,0.0039012136950151714
1,3,5,3,2.35,0.003938945330914279
1,3,5,3,2.4,0.003975225849614308
1,3,5,3,2.45,0.0040100914557887135
1,3,5,3,2.5,0.004043579481151664
1,3,5,3,2.55,0.0040757281161611855
1,3,5,3,2.6,0.004106576165871265
1,3,5,3,2.65,0.004136162828987575
1,3,5,3,2.7,0.004164527499046052
1,3,5,3,2.75,0.004191709586537569
1,3,5,3,2.8,0.004217748360739886
1,3,5,3,2.85,0.00424268280998452
1,3,5,3,2.9,0.004266551519076529
1,3,5,3,2.95,0.004289392562595003
1,3,5,3,3.0,0.0043112434128275015
3,5,1,3,0.05,0.0009500042588983766
3,5,1,3,0.1,0.0009429249525741025
3,5,1,3,0.15000000000000002,0.0009312928962152018
3,5,1,3,0.2,0.0009153498772207662
3,5,1,3,0.25,0.0008954183532747069
3,5,1,3,0.3,0.0008718870392362564
3,5,1,3,0.35000000000000003,0.0008451944639338638
3,5,1,3,0.4,0.0008158116877593094
3,5,1,3,0.45,0.0007842253062815179
3,5,1,3,0.5,0.0007509216970552063
3,5,1,3,0.55,0.000716373232774766
3,5,1,3,0.6000000000000001,0.0006810269229775715
3,5,1,3,0.6500000000000001,0.0006452956933630852
3,5,1,3,0.7000000000000001,0.0006095522923284652
3,5,1,3,0.7500000000000001,0.0005741256437728362
3,5,1,3,0.8,0.0005392993488175038
3,5,1,3,0.8500000000000001,0.0005053119741562955
3,5,1,3,0.9000000000000001,0.0004723587434642229
3,5,1,3,0.9500000000000001,0.0004405942603333946
3,5,1,3,1.0,0.00041013592588699387
3,5,1,3,1.05,0.00038106776192987967
3,5,1,3,1.1,0.0003534444034506972
3,5,1,3,1.1500000000000001,0.0003272950767934761
3,5,1,3,1.2000000000000002,0.0003026274281205534
3,5,1,3,1.2500000000000002,0.0002794311087868419
3,5,1,3,1.3,0.0002576810590822241
3,5,1,3,1.35,0.000237340459489378
3,5,1,3,1.4000000000000001,0.00021836333970922983
3,5,1,3,1.4500000000000002,0.00020069685107749634
3,5,1,3,1.5000000000000002,0.00018428321859465487
3,5,1,3,1.55,0.00016906139556844185
3,5,1,3,1.6,0.00015496844769101955
3,5,1,3,1.6500000000000001,0.00014194069499351964
3,5,1,3,1.7000000000000002,0.0001299146401618988
3,5,1,3,1.7500000000000002,0.00011882771065904916
3,5,1,3,1.8,0.00010861884036638067
3,5,1,3,1.85,9.922891432566553e-05
3,5,1,3,1.9000000000000001,9.060109784222199e-05
3,5,1,3,1.9500000000000002,8.268106885423025e-05
3,5,1,3,2.0,7.541717018217117e-05
3,5,1,3,2.05,6.876049611226904e-05
3,5,1,3,2.1,6.266492577645369e-05
3,5,1,3,2.15,5.708711398725344e-05
3,5,1,3,2.1999999999999997,5.198644857411187e-05
3,5,1,3,2.25,4.732498184370214e-05
3,5,1,3,2.3,4.306734254090181e-05
3,5,1,3,2.35,3.918063360583505e-05
3,5,1,3,2.4,3.5634320090750426e-05
3,5,1,3,2.45,3.240011080294696e-05
3,5,1,3,2.5,2.9451836561245068e-05
3,5,1,3,2.55,2.676532737914337e-05
3,5,1,3,2.6,2.4318290404399238e-05
3,5,1,3,2.65,2.2090190040108196e-05
3,5,1,3,2.7,2.0062131335474582e-05
3,5,1,3,2.75,1.8216747455629542e-05
3,5,1,3,2.8,1.6538091810489177e-05
3,5,1,3,2.85,1.5011535235270705e-05
3,5,1,3,2.9,1.3623668463390022e-05
3,5,1,3,2.95,1.2362210010431574e-05
3,5,1,3,3.0,1.1215919490879035e-05
1,5,3,3,0.05,0.0009500042588983766
1,5,3,3,0.1,0.0009429249525741025
1,5,3,3,0.15000000000000002,0.0009312928962152018
1,5,3,3,0.2,0.0009153498772207662
1,5,3,3,0.25,0.0008954183532747069
1,5,3,3,0.3,0.0008718870392362564
1,5,3,3,0.35000000000000003,0.0008451944639338638
1,5,3,3,0.4,0.0008158116877593094
1,5,3,3,0.45,0.0007842253062815179
1,5,3,3,0.5,0.0007509216970552063
1,5,3,3,0.55,0.000716373232774766
1,5,3,3,0.6000000000000001,0.0006810269229775715
1,5,3,3,0.6500000000000001,0.0006452956933630852
1,5,3,3,0.7000000000000001,0.0006095522923284652
1,5,3,3,0.7500000000000001,0.0005741256437728362
1,5,3,3,0.8,0.0005392993488175038
1,5,3,3,0.8500000000000001,0.0005053119741562955
1,5,3,3,0.9000000000000001,0.0004723587434642229
1,5,3,3,0.9500000000000001,0.0004405942603333946
1,5,3,3,1.0,0.00041013592588699387
1,5,3,3,1.05,0.00038106776192987967
1,5,3,3,1.1,0.0003534444034506972
1,5,3,3,1.1500000000000001,0.0003272950767934761
1,5,3,3,1.2000000000000002,0.0003026274281205534
1,5,3,3,1.2500000000000002,0.0002794311087868419
1,5,3,3,1.3,0.0002576810590822241
1,5,3,3,1.35,0.000237340459489378
1,5,3,3,1.4000000000000001,0.00021836333970922983
1,5,3,3,1.4500000000000002,0.00020069685107749634
1,5,3,3,1.5000000000000002,0.00018428321859465487
1,5,3,3,1.55,0.00016906139556844185
1,5,3,3,1.6,0.00015496844769101955
1,5,3,3,1.6500000000000001,0.00014194069499351964
1,5,3,3,1.7000000000000002,0.0001299146401618988
1,5,3,3,1.7500000000000002,0.00011882771065904916
1,5,3,3,1.8,0.00010861884036638067
1,5,3,3,1.85,9.922891432566553e-05
1,5,3,3,1.9000000000000001,9.060109784222199e-05
1,5,3,3,1.9500000000000002,8.268106885423025e-05
1,5,3,3,2.0,7.541717018217117e-05
1,5,3,3,2.05,6.876049611226904e-05
1,5,3,3,2.1,6.266492577645369e-05
1,5,3,3,2.15,5.708711398725344e-05
1,5,3,3,2.1999999999999997,5.198644857411187e-05
1,5,3,3,2.25,4.732498184370214e-05
1,5,3,3,2.3,4.306734254090181e-05
1,5,3,3,2.35,3.918063360583505e-05
1,5,3,3,2.4,3.5634320090750426e-05
1,5,3,3,2.45,3.240011080294696e-05
1,5,3,3,2.5,2.9451836561245068e-05
1,5,3,3,2.55,2.676532737914337e-05
1,5,3,3,2.6,2.4318290404399238e-05
1,5,3,3,2.65,2.2090190040108196e-05
1,5,3,3,2.7,2.0062131335474582e-05
1,5,3,3,2.75,1.8216747455629542e-05
1,5,3,3,2.8,1.6538091810489177e-05
1,5,3,3,2.85,1.5011535235270705e-05
1,5,3,3,2.9,1.3623668463390022e-05
1,5,3,3,2.95,1.2362210010431574e-05
1,5,3,3,3.0,1.1215919490879035e-05
