Acrobat Position,Clown Position,Magician Position,Decision,FreeParam,Probability
-1,-1,-1,1,0.05,0.0030289206199572627
-1,-1,-1,1,0.1,0.0029834915055732664
-1,-1,-1,1,0.15000000000000002,0.0029405637785116442
-1,-1,-1,1,0.2,0.0029000538475762593
-1,-1,-1,1,0.25,0.0028618690745539736
-1,-1,-1,1,0.3,0.0028259101841605146
-1,-1,-1,1,0.35000000000000003,0.0027920734541720268
-1,-1,-1,1,0.4,0.002760252660547181
-1,-1,-1,1,0.45,0.002730340766027504
-1,-1,-1,1,0.5,0.002702231352080918
-1,-1,-1,1,0.55,0.002675819803020734
-1,-1,-1,1,0.6000000000000001,0.002651004257769228
-1,-1,-1,1,0.6500000000000001,0.0026276863492490834
-1,-1,-1,1,0.7000000000000001,0.0026057717540625813
-1,-1,-1,1,0.7500000000000001,0.0025851705762780044
-1,-1,-1,1,0.8,0.0025657975891083856
-1,-1,-1,1,0.8500000000000001,0.002547572357343092
-1,-1,-1,1,0.9000000000000001,0.0025304192618469464
-1,-1,-1,1,0.9500000000000001,0.0025142674455029667
-1,-1,-1,1,1.0,0.0024990506978283685
-1,-1,-1,1,1.05,0.0024847072932829687
-1,-1,-1,1,1.1,0.0024711797961210202
-1,-1,-1,1,1.1500000000000001,0.002458414842586124
-1,-1,-1,1,1.2000000000000002,0.002446362909362128
-1,-1,-1,1,1.2500000000000002,0.00243497807549775
-1,-1,-1,1,1.3,0.002424217783529935
-1,-1,-1,1,1.35,0.0024140426042398772
-1,-1,-1,1,1.4000000000000001,0.0024044160083773226
-1,-1,-1,1,1.4500000000000002,0.002395304147769025
-1,-1,-1,1,1.5000000000000002,0.0023866756474690137
-1,-1,-1,1,1.55,0.0023785014099931617
-1,-1,-1,1,1.6,0.002370754432189864
-1,-1,-1,1,1.6500000000000001,0.002363409634914681
-1,-1,-1,1,1.7000000000000002,0.002356443705382902
-1,-1,-1,1,1.7500000000000002,0.002349834951855136
-1,-1,-1,1,1.8,0.002343563170153857
-1,-1,-1,1,1.85,0.002337609521401599
-1,-1,-1,1,1.9000000000000001,0.0023319564203042294
-1,-1,-1,1,1.9500000000000002,0.0023265874332667946
-1,-1,-1,1,2.0,0.0023214871856178073
-1,-1,-1,1,2.05,0.0023166412772244113
-1,-1,-1,1,2.1,0.0023120362058010407
-1,-1,-1,1,2.15,0.002307659297243746
-1,-1,-1,1,2.1999999999999997,0.0023034986423584435
-1,-1,-1,1,2.25,0.0022995430393912713
-1,-1,-1,1,2.3,0.0022957819418112416
-1,-1,-1,1,2.35,0.00229220541083788
-1,-1,-1,1,2.4,0.0022888040722485754
-1,-1,-1,1,2.45,0.002285569077041015
-1,-1,-1,1,2.5,0.002282492065564898
-1,-1,-1,1,2.55,0.0022795651347736895
-1,-1,-1,1,2.6,0.002276780808281331
-1,-1,-1,1,2.65,0.0022741320089403826
-1,-1,-1,1,2.7,0.002271612033687146
-1,-1,-1,1,2.75,0.0022692145304258073
-1,-1,-1,1,2.8,0.0022669334767477793
-1,-1,-1,1,2.85,0.002264763160304218
-1,-1,-1,1,2.9,0.0022626981606693464
-1,-1,-1,1,2.95,0.002260733332549898
-1,-1,-1,1,3.0,0.0022588637902117735
-1,1,-1,1,0.05,0.0
-1,1,-1,1,0.1,0.0
-1,1,-1,1,0.15000000000000002,0.0
-1,1,-1,1,0.2,0.0
-1,1,-1,1,0.25,0.0
-1,1,-1,1,0.3,0.0
-1,1,-1,1,0.35000000000000003,0.0
-1,1,-1,1,0.4,0.0
-1,1,-1,1,0.45,0.0
-1,1,-1,1,0.5,0.0
-1,1,-1,1,0.55,0.0
-1,1,-1,1,0.6000000000000001,0.0
-1,1,-1,1,0.6500000000000001,0.0
-1,1,-1,1,0.7000000000000001,0.0
-1,1,-1,1,0.7500000000000001,0.0
-1,1,-1,1,0.8,0.0
-1,1,-1,1,0.8500000000000001,0.0
-1,1,-1,1,0.9000000000000001,0.0
-1,1,-1,1,0.9500000000000001,0.0
-1,1,-1,1,1.0,0.0
-1,1,-1,1,1.05,0.0
-1,1,-1,1,1.1,0.0
-1,1,-1,1,1.1500000000000001,0.0
-1,1,-1,1,1.2000000000000002,0.0
-1,1,-1,1,1.2500000000000002,0.0
-1,1,-1,1,1.3,0.0
-1,1,-1,1,1.35,0.0
-1,1,-1,1,1.4000000000000001,0.0
-1,1,-1,1,1.4500000000000002,0.0
-1,1,-1,1,1.5000000000000002,0.0
-1,1,-1,1,1.55,0.0
-1,1,-1,1,1.6,0.0
-1,1,-1,1,1.6500000000000001,0.0
-1,1,-1,1,1.7000000000000002,0.0
-1,1,-1,1,1.7500000000000002,0.0
-1,1,-1,1,1.8,0.0
-1,1,-1,1,1.85,0.0
-1,1,-1,1,1.9000000000000001,0.0
-1,1,-1,1,1.9500000000000002,0.0
-1,1,-1,1,2.0,0.0
-1,1,-1,1,2.05,0.0
-1,1,-1,1,2.1,0.0
-1,1,-1,1,2.15,0.0
-1,1,-1,1,2.1999999999999997,0.0
-1,1,-1,1,2.25,0.0
-1,1,-1,1,2.3,0.0
-1,1,-1,1,2.35,0.0
-1,1,-1,1,2.4,0.0
-1,1,-1,1,2.45,0.0
-1,1,-1,1,2.5,0.0
-1,1,-1,1,2.55,0.0
-1,1,-1,1,2.6,0.0
-1,1,-1,1,2.65,0.0
-1,1,-1,1,2.7,0.0
-1,1,-1,1,2.75,0.0
-1,1,-1,1,2.8,0.0
-1,1,-1,1,2.85,0.0
-1,1,-1,1,2.9,0.0
-1,1,-1,1,2.95,0.0
-1,1,-1,1,3.0,0.0
-1,-1,1,1,0.05,0.00408243624410134
-1,-1,1,1,0.1,0.00400323269053265
-1,-1,1,1,0.15000000000000002,0.003928857043298235
-1,-1,1,1,0.2,0.0038590960042015022
-1,-1,1,1,0.25,0.003793726711219932
-1,-1,1,1,0.3,0.003732520965485105
-1,-1,1,1,0.35000000000000003,0.0036752488926004075
-1,-1,1,1,0.4,0.003621682041596824
-1,-1,1,1,0.45,0.003571595943643357
-1,-1,1,1,0.5,0.0035247721663157787
-1,-1,1,1,0.55,0.003480999908323795
-1,-1,1,1,0.6000000000000001,0.003440077184779959
-1,-1,1,1,0.6500000000000001,0.0034018116550922264
-1,-1,1,1,0.7000000000000001,0.00336602114509004
-1,-1,1,1,0.7500000000000001,0.003332533912707301
-1,-1,1,1,0.8,0.0033011887030171077
-1,-1,1,1,0.8500000000000001,0.0032718346341202
-1,-1,1,1,0.9000000000000001,0.003244330950714232
-1,-1,1,1,0.9500000000000001,0.003218546677406944
-1,-1,1,1,1.0,0.0031943601991972783
-1,-1,1,1,1.05,0.003171658792181342
-1,-1,1,1,1.1,0.0031503381235376813
-1,-1,1,1,1.1500000000000001,0.0031303017362585236
-1,-1,1,1,1.2000000000000002,0.0031114605309383665
-1,-1,1,1,1.2500000000000002,0.0030937322542032575
-1,-1,1,1,1.3,0.0030770410010420458
-1,-1,1,1,1.35,0.003061316736353724
-1,-1,1,1,1.4000000000000001,0.0030464948394158774
-1,-1,1,1,1.4500000000000002,0.003032515673669287
-1,-1,1,1,1.5000000000000002,0.0030193241831640355
-1,-1,1,1,1.55,0.003006869516185906
-1,-1,1,1,1.6,0.0029951046759439555
-1,-1,1,1,1.6500000000000001,0.0029839861977198267
-1,-1,1,1,1.7000000000000002,0.002973473851528873
-1,-1,1,1,1.7500000000000002,0.0029635303690983793
-1,-1,1,1,1.8,0.00295412119380836
-1,-1,1,1,1.85,0.002945214252147723
-1,-1,1,1,1.9000000000000001,0.002936779745198386
-1,-1,1,1,1.9500000000000002,0.0029287899586597087
-1,-1,1,1,2.0,0.0029212190899552464
-1,-1,1,1,2.05,0.0029140430910152134
-1,-1,1,1,2.1,0.0029072395253943173
-1,-1,1,1,2.15,0.0029007874384607744
-1,-1,1,1,2.1999999999999997,0.002894667239474018
-1,-1,1,1,2.25,0.0028888605944528104
-1,-1,1,1,2.3,0.0028833503288196957
-1,-1,1,1,2.35,0.0028781203388902393
-1,-1,1,1,2.4,0.0028731555113550044
-1,-1,1,1,2.45,0.002868441649977813
-1,-1,1,1,2.5,0.002863965408805054
-1,-1,1,1,2.55,0.002859714231247181
-1,-1,1,1,2.6,0.002855676294455118
-1,-1,1,1,2.65,0.00285184045847095
-1,-1,1,1,2.7,0.002848196219684179
-1,-1,1,1,2.75,0.0028447336681721707
-1,-1,1,1,2.8,0.0028414434485464404
-1,-1,1,1,2.85,0.002838316723965342
-1,-1,1,1,2.9,0.002835345143008865
-1,-1,1,1,2.95,0.0028325208091429326
-1,-1,1,1,3.0,0.0028298362525289835
-1,3,-1,1,0.05,0.0036731009048143865
-1,3,-1,1,0.1,0.003643036968091263
-1,3,-1,1,0.15000000000000002,0.0036135343491484027
-1,3,-1,1,0.2,0.003584613297417196
-1,3,-1,1,0.25,0.003556291848203708
-1,3,-1,1,0.3,0.0035285858303711784
-1,3,-1,1,0.35000000000000003,0.0035015088887055783
-1,3,-1,1,0.4,0.0034750725198972117
-1,3,-1,1,0.45,0.0034492861209729506
-1,3,-1,1,0.5,0.003424157048941385
-1,3,-1,1,0.55,0.0033996906903662415
-1,3,-1,1,0.6000000000000001,0.0033758905395603876
-1,3,-1,1,0.6500000000000001,0.0033527582840919183
-1,3,-1,1,0.7000000000000001,0.003330293896312958
-1,3,-1,1,0.7500000000000001,0.0033084957296586506
-1,3,-1,1,0.8,0.0032873606185157816
-1,3,-1,1,0.8500000000000001,0.0032668839805250934
-1,3,-1,1,0.9000000000000001,0.0032470599202559813
-1,3,-1,1,0.9500000000000001,0.003227881333274581
-1,3,-1,1,1.0,0.003209340009713788
-1,3,-1,1,1.05,0.0031914267365445417
-1,3,-1,1,1.1,0.0031741313978396217
-1,3,-1,1,1.1500000000000001,0.0031574430724127384
-1,3,-1,1,1.2000000000000002,0.0031413501283051944
-1,3,-1,1,1.2500000000000002,0.0031258403136787843
-1,3,-1,1,1.3,0.003110900843755708
-1,3,-1,1,1.35,0.0030965184835235245
-1,3,-1,1,1.4000000000000001,0.003082679625994762
-1,3,-1,1,1.4500000000000002,0.0030693703658765475
-1,3,-1,1,1.5000000000000002,0.0030565765685651434
-1,3,-1,1,1.55,0.003044283934433641
-1,3,-1,1,1.6,0.003032478058428127
-1,3,-1,1,1.6500000000000001,0.0030211444850288213
-1,3,-1,1,1.7000000000000002,0.003010268758667941
-1,3,-1,1,1.7500000000000002,0.0029998364697258733
-1,3,-1,1,1.8,0.0029898332962519122
-1,3,-1,1,1.85,0.002980245041575718
-1,3,-1,1,1.9000000000000001,0.002971057667991188
-1,3,-1,1,1.9500000000000002,0.0029622573267060353
-1,3,-1,1,2.0,0.002953830384258438
-1,3,-1,1,2.05,0.0029457634456069976
-1,3,-1,1,2.1,0.002938043374102485
-1,3,-1,1,2.15,0.0029306573085495875
-1,3,-1,1,2.1999999999999997,0.002923592677564681
-1,3,-1,1,2.25,0.0029168372114316892
-1,3,-1,1,2.3,0.0029103789516527327
-1,3,-1,1,2.35,0.0029042062583838056
-1,3,-1,1,2.4,0.0028983078159382763
-1,3,-1,1,2.45,0.002892672636532964
-1,3,-1,1,2.5,0.00288729006244295
-1,3,-1,1,2.55,0.002882149766722389
-1,3,-1,1,2.6,0.0028772417526394863
-1,3,-1,1,2.65,0.0028725563519647083
-1,3,-1,1,2.7,0.002868084222242132
-1,3,-1,1,2.75,0.002863816343164957
-1,3,-1,1,2.8,0.002859744012167388
-1,3,-1,1,2.85,0.0028558588393366355
-1,3,-1,1,2.9,0.0028521527417406036
-1,3,-1,1,2.95,0.0028486179372589743
-1,3,-1,1,3.0,0.0028452469379979537
-1,-1,3,1,0.05,0.0021680591007543592
-1,-1,3,1,0.1,0.002116686613513618
-1,-1,3,1,0.15000000000000002,0.002068095441473994
-1,-1,3,1,0.2,0.002022254190858524
-1,-1,3,1,0.25,0.0019791119404178846
-1,-1,3,1,0.3,0.0019386009288880938
-1,-1,3,1,0.35000000000000003,0.0019006392835339675
-1,-1,3,1,0.4,0.0018651337037344023
-1,-1,3,1,0.45,0.001831982028699019
-1,-1,3,1,0.5,0.0018010756343169348
-1,-1,3,1,0.55,0.001772301619735939
-1,-1,3,1,0.6000000000000001,0.0017455447587207342
-1,-1,3,1,0.6500000000000001,0.001720689203573979
-1,-1,3,1,0.7000000000000001,0.0016976199401011834
-1,-1,3,1,0.7500000000000001,0.0016762240006464517
-1,-1,3,1,0.8,0.0016563914486703419
-1,-1,3,1,0.8500000000000001,0.0016380161528498215
-1,-1,3,1,0.9000000000000001,0.0016209963714926758
-1,-1,3,1,0.9500000000000001,0.0016052351694502873
-1,-1,3,1,1.0,0.0015906406899666903
-1,-1,3,1,1.05,0.0015771263032883637
-1,-1,3,1,1.1,0.0015646106526219876
-1,-1,3,1,1.1500000000000001,0.0015530176163761475
-1,-1,3,1,1.2000000000000002,0.0015422762037309824
-1,-1,3,1,1.2500000000000002,0.0015323203985842986
-1,-1,3,1,1.3,0.0015230889649280172
-1,-1,3,1,1.35,0.0015145252247902707
-1,-1,3,1,1.4000000000000001,0.0015065768180869093
-1,-1,3,1,1.4500000000000002,0.0014991954520928595
-1,-1,3,1,1.5000000000000002,0.0014923366467844766
-1,-1,3,1,1.55,0.001485959481023003
-1,-1,3,1,1.6,0.001480026343442424
-1,-1,3,1,1.6500000000000001,0.0014745026909627253
-1,-1,3,1,1.7000000000000002,0.0014693568170585731
-1,-1,3,1,1.7500000000000002,0.001464559631258722
-1,-1,3,1,1.8,0.0014600844508171878
-1,-1,3,1,1.85,0.0014559068050678458
-1,-1,3,1,1.9000000000000001,0.00145200425263477
-1,-1,3,1,1.9500000000000002,0.0014483562114075816
-1,-1,3,1,2.0,0.0014449438009919162
-1,-1,3,1,2.05,0.0014417496971988037
-1,-1,3,1,2.1,0.0014387579980336472
-1,-1,3,1,2.15,0.0014359541005772442
-1,-1,3,1,2.1999999999999997,0.001433324588110853
-1,-1,3,1,2.25,0.001430857126818664
-1,-1,3,1,2.3,0.0014285403713991977
-1,-1,3,1,2.35,0.0014263638789280381
-1,-1,3,1,2.4,0.0014243180303345144
-1,-1,3,1,2.45,0.0014223939588817601
-1,-1,3,1,2.5,0.0014205834850708565
-1,-1,3,1,2.55,0.0014188790574237316
-1,-1,3,1,2.6,0.0014172736986348556
-1,-1,3,1,2.65,0.0014157609566174778
-1,-1,3,1,2.7,0.0014143348600054381
-1,-1,3,1,2.75,0.0014129898777058862
-1,-1,3,1,2.8,0.0014117208821311442
-1,-1,3,1,2.85,0.0014105231157692084
-1,-1,3,1,2.9,0.001409392160781789
-1,-1,3,1,2.95,0.00140832391134631
-1,-1,3,1,3.0,0.0014073145484838488
-1,5,-1,1,0.05,0.0043361182015087185
-1,5,-1,1,0.1,0.004233373227027236
-1,5,-1,1,0.15000000000000002,0.004136190882947988
-1,5,-1,1,0.2,0.004044508381717048
-1,5,-1,1,0.25,0.003958223880835769
-1,5,-1,1,0.3,0.0038772018577761876
-1,5,-1,1,0.35000000000000003,0.003801278567067935
-1,5,-1,1,0.4,0.003730267407468805
-1,5,-1,1,0.45,0.003663964057398038
-1,5,-1,1,0.5,0.0036021512686338695
-1,5,-1,1,0.55,0.003544603239471879
-1,5,-1,1,0.6000000000000001,0.0034910895174414683
-1,5,-1,1,0.6500000000000001,0.0034413784071479574
-1,5,-1,1,0.7000000000000001,0.0033952398802023667
-1,5,-1,1,0.7500000000000001,0.003352448001292904
-1,5,-1,1,0.8,0.0033127828973406846
-1,5,-1,1,0.8500000000000001,0.003276032305699643
-1,5,-1,1,0.9000000000000001,0.0032419927429853516
-1,5,-1,1,0.9500000000000001,0.0032104703389005747
-1,5,-1,1,1.0,0.0031812813799333805
-1,5,-1,1,1.05,0.003154252606576728
-1,5,-1,1,1.1,0.0031292213052439752
-1,5,-1,1,1.1500000000000001,0.003106035232752295
-1,5,-1,1,1.2000000000000002,0.0030845524074619647
-1,5,-1,1,1.2500000000000002,0.003064640797168597
-1,5,-1,1,1.3,0.0030461779298560344
-1,5,-1,1,1.35,0.0030290504495805418
-1,5,-1,1,1.4000000000000001,0.003013153636173818
-1,5,-1,1,1.4500000000000002,0.0029983909041857186
-1,5,-1,1,1.5000000000000002,0.002984673293568953
-1,5,-1,1,1.55,0.002971918962046006
-1,5,-1,1,1.6,0.002960052686884848
-1,5,-1,1,1.6500000000000001,0.0029490053819254507
-1,5,-1,1,1.7000000000000002,0.0029387136341171463
-1,5,-1,1,1.7500000000000002,0.002929119262517444
-1,5,-1,1,1.8,0.0029201689016343747
-1,5,-1,1,1.85,0.0029118136101356916
-1,5,-1,1,1.9000000000000001,0.00290400850526954
-1,5,-1,1,1.9500000000000002,0.002896712422815163
-1,5,-1,1,2.0,0.0028898876019838315
-1,5,-1,1,2.05,0.0028834993943976073
-1,5,-1,1,2.1,0.0028775159960672952
-1,5,-1,1,2.15,0.0028719082011544883
-1,5,-1,1,2.1999999999999997,0.002866649176221706
-1,5,-1,1,2.25,0.002861714253637328
-1,5,-1,1,2.3,0.0028570807427983954
-1,5,-1,1,2.35,0.0028527277578560763
-1,5,-1,1,2.4,0.0028486360606690287
-1,5,-1,1,2.45,0.0028447879177635202
-1,5,-1,1,2.5,0.002841166970141713
-1,5,-1,1,2.55,0.0028377581148474633
-1,5,-1,1,2.6,0.002834547397269712
-1,5,-1,1,2.65,0.0028315219132349556
-1,5,-1,1,2.7,0.0028286697200108762
-1,5,-1,1,2.75,0.002825979755411771
-1,5,-1,1,2.8,0.0028234417642622888
-1,5,-1,1,2.85,0.0028210462315384167
-1,5,-1,1,2.9,0.002818784321563578
-1,5,-1,1,2.95,0.00281664782269262
-1,5,-1,1,3.0,0.002814629096967698
-1,-1,5,1,0.05,0.0014053923358167107
-1,-1,5,1,0.1,0.00142022528620771
-1,-1,5,1,0.15000000000000002,0.001433461370641727
-1,-1,5,1,0.2,0.0014451810785492626
-1,-1,5,1,0.25,0.0014554698204233614
-1,-1,5,1,0.3,0.0014644161665885503
-1,-1,5,1,0.35000000000000003,0.0014721102807979502
-1,-1,5,1,0.4,0.0014786425566572013
-1,-1,5,1,0.45,0.0014841024564517839
-1,-1,5,1,0.5,0.0014885775453888804
-1,-1,5,1,0.55,0.0014921527094440622
-1,-1,5,1,0.6000000000000001,0.0014949095417380654
-1,-1,5,1,0.6500000000000001,0.0014969258804298333
-1,-1,5,1,0.7000000000000001,0.0014982754802554473
-1,-1,5,1,0.7500000000000001,0.0014990277998319277
-1,-1,5,1,0.8,0.0014992478874636742
-1,-1,5,1,0.8500000000000001,0.0014989963492486372
-1,-1,5,1,0.9000000000000001,0.001498329384623146
-1,-1,5,1,0.9500000000000001,0.0014972988759814013
-1,-1,5,1,1.0,0.0014959525205594222
-1,-1,5,1,1.05,0.0014943339943105313
-1,-1,5,1,1.1,0.0014924831389687091
-1,-1,5,1,1.1500000000000001,0.0014904361648633375
-1,-1,5,1,1.2000000000000002,0.0014882258632939837
-1,-1,5,1,1.2500000000000002,0.0014858818233876052
-1,-1,5,1,1.3,0.0014834306493413266
-1,-1,5,1,1.35,0.0014808961748057836
-1,-1,5,1,1.4000000000000001,0.001478299671894565
-1,-1,5,1,1.4500000000000002,0.0014756600529243892
-1,-1,5,1,1.5000000000000002,0.0014729940635093198
-1,-1,5,1,1.55,0.0014703164660618527
-1,-1,5,1,1.6,0.0014676402131052532
-1,-1,5,1,1.6500000000000001,0.00146497661008557
-1,-1,5,1,1.7000000000000002,0.001462335467598081
-1,-1,5,1,1.7500000000000002,0.0014597252431203193
-1,-1,5,1,1.8,0.0014571531724801605
-1,-1,5,1,1.85,0.0014546253913896366
-1,-1,5,1,1.9000000000000001,0.001452147047449149
-1,-1,5,1,1.9500000000000002,0.0014497224030778045
-1,-1,5,1,2.0,0.0014473549298580685
-1,-1,5,1,2.05,0.001445047394800512
-1,-1,5,1,2.1,0.0014428019390403518
-1,-1,5,1,2.15,0.0014406201494742339
-1,-1,5,1,2.1999999999999997,0.0014385031238355317
-1,-1,5,1,2.25,0.0014364515296910595
-1,-1,5,1,2.3,0.0014344656578229708
-1,-1,5,1,2.35,0.0014325454704379138
-1,-1,5,1,2.4,0.0014306906446221821
-1,-1,5,1,2.45,0.0014289006114373251
-1,-1,5,1,2.5,0.001427174591026139
-1,-1,5,1,2.55,0.0014255116240745008
-1,-1,5,1,2.6,0.001423910599950543
-1,-1,5,1,2.65,0.0014223702818194255
-1,-1,5,1,2.7,0.0014208893290096065
-1,-1,5,1,2.75,0.0014194663168852312
-1,-1,5,1,2.8,0.0014180997544590368
-1,-1,5,1,2.85,0.0014167880999611578
-1,-1,5,1,2.9,0.0014155297745613356
-1,-1,5,1,2.95,0.0014143231744253443
-1,-1,5,1,3.0,0.0014131666812708954
5,1,3,1,0.05,0.0
5,1,3,1,0.1,0.0
5,1,3,1,0.15000000000000002,0.0
5,1,3,1,0.2,0.0
5,1,3,1,0.25,0.0
5,1,3,1,0.3,0.0
5,1,3,1,0.35000000000000003,0.0
5,1,3,1,0.4,0.0
5,1,3,1,0.45,0.0
5,1,3,1,0.5,0.0
5,1,3,1,0.55,0.0
5,1,3,1,0.6000000000000001,0.0
5,1,3,1,0.6500000000000001,0.0
5,1,3,1,0.7000000000000001,0.0
5,1,3,1,0.7500000000000001,0.0
5,1,3,1,0.8,0.0
5,1,3,1,0.8500000000000001,0.0
5,1,3,1,0.9000000000000001,0.0
5,1,3,1,0.9500000000000001,0.0
5,1,3,1,1.0,0.0
5,1,3,1,1.05,0.0
5,1,3,1,1.1,0.0
5,1,3,1,1.1500000000000001,0.0
5,1,3,1,1.2000000000000002,0.0
5,1,3,1,1.2500000000000002,0.0
5,1,3,1,1.3,0.0
5,1,3,1,1.35,0.0
5,1,3,1,1.4000000000000001,0.0
5,1,3,1,1.4500000000000002,0.0
5,1,3,1,1.5000000000000002,0.0
5,1,3,1,1.55,0.0
5,1,3,1,1.6,0.0
5,1,3,1,1.6500000000000001,0.0
5,1,3,1,1.7000000000000002,0.0
5,1,3,1,1.7500000000000002,0.0
5,1,3,1,1.8,0.0
5,1,3,1,1.85,0.0
5,1,3,1,1.9000000000000001,0.0
5,1,3,1,1.9500000000000002,0.0
5,1,3,1,2.0,0.0
5,1,3,1,2.05,0.0
5,1,3,1,2.1,0.0
5,1,3,1,2.15,0.0
5,1,3,1,2.1999999999999997,0.0
5,1,3,1,2.25,0.0
5,1,3,1,2.3,0.0
5,1,3,1,2.35,0.0
5,1,3,1,2.4,0.0
5,1,3,1,2.45,0.0
5,1,3,1,2.5,0.0
5,1,3,1,2.55,0.0
5,1,3,1,2.6,0.0
5,1,3,1,2.65,0.0
5,1,3,1,2.7,0.0
5,1,3,1,2.75,0.0
5,1,3,1,2.8,0.0
5,1,3,1,2.85,0.0
5,1,3,1,2.9,0.0
5,1,3,1,2.95,0.0
5,1,3,1,3.0,0.0
3,1,5,1,0.05,0.0
3,1,5,1,0.1,0.0
3,1,5,1,0.15000000000000002,0.0
3,1,5,1,0.2,0.0
3,1,5,1,0.25,0.0
3,1,5,1,0.3,0.0
3,1,5,1,0.35000000000000003,0.0
3,1,5,1,0.4,0.0
3,1,5,1,0.45,0.0
3,1,5,1,0.5,0.0
3,1,5,1,0.55,0.0
3,1,5,1,0.6000000000000001,0.0
3,1,5,1,0.6500000000000001,0.0
3,1,5,1,0.7000000000000001,0.0
3,1,5,1,0.7500000000000001,0.0
3,1,5,1,0.8,0.0
3,1,5,1,0.8500000000000001,0.0
3,1,5,1,0.9000000000000001,0.0
3,1,5,1,0.9500000000000001,0.0
3,1,5,1,1.0,0.0
3,1,5,1,1.05,0.0
3,1,5,1,1.1,0.0
3,1,5,1,1.1500000000000001,0.0
3,1,5,1,1.2000000000000002,0.0
3,1,5,1,1.2500000000000002,0.0
3,1,5,1,1.3,0.0
3,1,5,1,1.35,0.0
3,1,5,1,1.4000000000000001,0.0
3,1,5,1,1.4500000000000002,0.0
3,1,5,1,1.5000000000000002,0.0
3,1,5,1,1.55,0.0
3,1,5,1,1.6,0.0
3,1,5,1,1.6500000000000001,0.0
3,1,5,1,1.7000000000000002,0.0
3,1,5,1,1.7500000000000002,0.0
3,1,5,1,1.8,0.0
3,1,5,1,1.85,0.0
3,1,5,1,1.9000000000000001,0.0
3,1,5,1,1.9500000000000002,0.0
3,1,5,1,2.0,0.0
3,1,5,1,2.05,0.0
3,1,5,1,2.1,0.0
3,1,5,1,2.15,0.0
3,1,5,1,2.1999999999999997,0.0
3,1,5,1,2.25,0.0
3,1,5,1,2.3,0.0
3,1,5,1,2.35,0.0
3,1,5,1,2.4,0.0
3,1,5,1,2.45,0.0
3,1,5,1,2.5,0.0
3,1,5,1,2.55,0.0
3,1,5,1,2.6,0.0
3,1,5,1,2.65,0.0
3,1,5,1,2.7,0.0
3,1,5,1,2.75,0.0
3,1,5,1,2.8,0.0
3,1,5,1,2.85,0.0
3,1,5,1,2.9,0.0
3,1,5,1,2.95,0.0
3,1,5,1,3.0,0.0
5,3,1,1,0.05,0.0015741861020633087
5,3,1,1,0.1,0.0015613015577533986
5,3,1,1,0.15000000000000002,0.0015486575782064583
5,3,1,1,0.2,0.0015362628417502269
5,3,1,1,0.25,0.001524125077801589
5,3,1,1,0.3,0.0015122510701590765
5,3,1,1,0.35000000000000003,0.001500646666588105
5,3,1,1,0.4,0.0014893167942416623
5,3,1,1,0.45,0.0014782654804169789
5,3,1,1,0.5,0.0014674958781177364
5,3,1,1,0.55,0.0014570102958712465
5,3,1,1,0.6000000000000001,0.0014468102312401663
5,3,1,1,0.6500000000000001,0.001436896407467965
5,3,1,1,0.7000000000000001,0.0014272688127055537
5,3,1,1,0.7500000000000001,0.001417926741282279
5,3,1,1,0.8,0.0014088688365067636
5,3,1,1,0.8500000000000001,0.0014000931345107544
5,3,1,1,0.9000000000000001,0.001391597108681135
5,3,1,1,0.9500000000000001,0.0013833777142605347
5,3,1,1,1.0,0.0013754314327344807
5,3,1,1,1.05,0.0013677543156619466
5,3,1,1,1.1,0.0013603420276455521
5,3,1,1,1.1500000000000001,0.0013531898881768878
5,3,1,1,1.2000000000000002,0.0013462929121307978
5,3,1,1,1.2500000000000002,0.001339645848719479
5,3,1,1,1.3,0.0013332432187524463
5,3,1,1,1.35,0.0013270793500815105
5,3,1,1,1.4000000000000001,0.0013211484111406125
5,3,1,1,1.4500000000000002,0.0013154444425185203
5,3,1,1,1.5000000000000002,0.0013099613865279187
5,3,1,1,1.55,0.0013046931147572749
5,3,1,1,1.6,0.0012996334536120545
5,3,1,1,1.6500000000000001,0.001294776207869495
5,3,1,1,1.7000000000000002,0.0012901151822862604
5,3,1,1,1.7500000000000002,0.0012856442013110885
5,3,1,1,1.8,0.0012813571269651054
5,3,1,1,1.85,0.001277247874961022
5,3,1,1,1.9000000000000001,0.0012733104291390808
5,3,1,1,1.9500000000000002,0.0012695388543025867
5,3,1,1,2.0,0.0012659273075393306
5,3,1,1,2.05,0.0012624700481172848
5,3,1,1,2.1,0.0012591614460439222
5,3,1,1,2.15,0.0012559959893783947
5,3,1,1,2.1999999999999997,0.0012529682903848634
5,3,1,1,2.25,0.0012500730906135813
5,3,1,1,2.3,0.0012473052649940282
5,3,1,1,2.35,0.001244659825021631
5,3,1,1,2.4,0.0012421319211164041
5,3,1,1,2.45,0.0012397168442284132
5,3,1,1,2.5,0.0012374100267612644
5,3,1,1,2.55,0.0012352070428810237
5,3,1,1,2.6,0.0012331036082740656
5,3,1,1,2.65,0.0012310955794134465
5,3,1,1,2.7,0.0012291789523894852
5,3,1,1,2.75,0.0012273498613564102
5,3,1,1,2.8,0.0012256045766431663
5,3,1,1,2.85,0.0012239395025728439
5,3,1,1,2.9,0.0012223511750316873
5,3,1,1,2.95,0.001220836258825275
5,3,1,1,3.0,0.0012193915448562658
1,3,5,1,0.05,0.0015741861020633087
1,3,5,1,0.1,0.0015613015577533986
1,3,5,1,0.15000000000000002,0.0015486575782064583
1,3,5,1,0.2,0.0015362628417502269
1,3,5,1,0.25,0.001524125077801589
1,3,5,1,0.3,0.0015122510701590765
1,3,5,1,0.35000000000000003,0.001500646666588105
1,3,5,1,0.4,0.0014893167942416623
1,3,5,1,0.45,0.0014782654804169789
1,3,5,1,0.5,0.0014674958781177364
1,3,5,1,0.55,0.0014570102958712465
1,3,5,1,0.6000000000000001,0.0014468102312401663
1,3,5,1,0.6500000000000001,0.001436896407467965
1,3,5,1,0.7000000000000001,0.0014272688127055537
1,3,5,1,0.7500000000000001,0.001417926741282279
1,3,5,1,0.8,0.0014088688365067636
1,3,5,1,0.8500000000000001,0.0014000931345107544
1,3,5,1,0.9000000000000001,0.001391597108681135
1,3,5,1,0.9500000000000001,0.0013833777142605347
1,3,5,1,1.0,0.0013754314327344807
1,3,5,1,1.05,0.0013677543156619466
1,3,5,1,1.1,0.0013603420276455521
1,3,5,1,1.1500000000000001,0.0013531898881768878
1,3,5,1,1.2000000000000002,0.0013462929121307978
1,3,5,1,1.2500000000000002,0.001339645848719479
1,3,5,1,1.3,0.0013332432187524463
1,3,5,1,1.35,0.0013270793500815105
1,3,5,1,1.4000000000000001,0.0013211484111406125
1,3,5,1,1.4500000000000002,0.0013154444425185203
1,3,5,1,1.5000000000000002,0.0013099613865279187
1,3,5,1,1.55,0.0013046931147572749
1,3,5,1,1.6,0.0012996334536120545
1,3,5,1,1.6500000000000001,0.001294776207869495
1,3,5,1,1.7000000000000002,0.0012901151822862604
1,3,5,1,1.7500000000000002,0.0012856442013110885
1,3,5,1,1.8,0.0012813571269651054
1,3,5,1,1.85,0.001277247874961022
1,3,5,1,1.9000000000000001,0.0012733104291390808
1,3,5,1,1.9500000000000002,0.0012695388543025867
1,3,5,1,2.0,0.0012659273075393306
1,3,5,1,2.05,0.0012624700481172848
1,3,5,1,2.1,0.0012591614460439222
1,3,5,1,2.15,0.0012559959893783947
1,3,5,1,2.1999999999999997,0.0012529682903848634
1,3,5,1,2.25,0.0012500730906135813
1,3,5,1,2.3,0.0012473052649940282
1,3,5,1,2.35,0.001244659825021631
1,3,5,1,2.4,0.0012421319211164041
1,3,5,1,2.45,0.0012397168442284132
1,3,5,1,2.5,0.0012374100267612644
1,3,5,1,2.55,0.0012352070428810237
1,3,5,1,2.6,0.0012331036082740656
1,3,5,1,2.65,0.0012310955794134465
1,3,5,1,2.7,0.0012291789523894852
1,3,5,1,2.75,0.0012273498613564102
1,3,5,1,2.8,0.0012256045766431663
1,3,5,1,2.85,0.0012239395025728439
1,3,5,1,2.9,0.0012223511750316873
1,3,5,1,2.95,0.001220836258825275
1,3,5,1,3.0,0.0012193915448562658
3,5,1,1,0.05,0.001858336372075165
3,5,1,1,0.1,0.0018143028115831011
3,5,1,1,0.15000000000000002,0.0017726532355491378
3,5,1,1,0.2,0.0017333607350215922
3,5,1,1,0.25,0.00169638166321533
3,5,1,1,0.3,0.0016616579390469376
3,5,1,1,0.35000000000000003,0.0016291193858862581
3,5,1,1,0.4,0.0015986860317723452
3,5,1,1,0.45,0.001570270310313445
3,5,1,1,0.5,0.0015437791151288011
3,5,1,1,0.55,0.0015191156740593766
3,5,1,1,0.6000000000000001,0.0014961812217606295
3,5,1,1,0.6500000000000001,0.0014748764602062676
3,5,1,1,0.7000000000000001,0.0014551028058010142
3,5,1,1,0.7500000000000001,0.0014367634291255304
3,5,1,1,0.8,0.0014197640988602934
3,5,1,1,0.8500000000000001,0.0014040138452998472
3,5,1,1,0.9000000000000001,0.0013894254612794364
3,5,1,1,0.9500000000000001,0.0013759158595288178
3,5,1,1,1.0,0.0013634063056857347
3,5,1,1,1.05,0.0013518225456757406
3,5,1,1,1.1,0.001341094845104561
3,5,1,1,1.1500000000000001,0.0013311579568938408
3,5,1,1,1.2000000000000002,0.0013219510317694135
3,5,1,1,1.2500000000000002,0.0013134174845008274
3,5,1,1,1.3,0.0013055048270811576
3,5,1,1,1.35,0.0012981644783916608
3,5,1,1,1.4000000000000001,0.0012913515583602077
3,5,1,1,1.4500000000000002,0.001285024673222451
3,5,1,1,1.5000000000000002,0.001279145697243837
3,5,1,1,1.55,0.0012736795551625741
3,5,1,1,1.6,0.001268594008664935
3,5,1,1,1.6500000000000001,0.001263859449396622
3,5,1,1,1.7000000000000002,0.00125944870033592
3,5,1,1,1.7500000000000002,0.0012553368267931905
3,5,1,1,1.8,0.0012515009578433036
3,5,1,1,1.85,0.001247920118629582
3,5,1,1,1.9000000000000001,0.001244575073686946
3,5,1,1,1.9500000000000002,0.0012414481812064986
3,5,1,1,2.0,0.0012385232579930708
3,5,1,1,2.05,0.0012357854547418317
3,5,1,1,2.1,0.0012332211411716979
3,5,1,1,2.15,0.0012308178004947809
3,5,1,1,2.1999999999999997,0.0012285639326664454
3,5,1,1,2.25,0.0012264489658445692
3,5,1,1,2.3,0.0012244631754850265
3,5,1,1,2.35,0.0012225976105097469
3,5,1,1,2.4,0.0012208440260010123
3,5,1,1,2.45,0.0012191948218986516
3,5,1,1,2.5,0.0012176429872035916
3,5,1,1,2.55,0.0012161820492203415
3,5,1,1,2.6,0.001214806027401305
3,5,1,1,2.65,0.0012135093913864096
3,5,1,1,2.7,0.001212287022861804
3,5,1,1,2.75,0.001211134180890759
3,5,1,1,2.8,0.0012100464703981239
3,5,1,1,2.85,0.0012090198135164645
3,5,1,1,2.9,0.0012080504235272478
3,5,1,1,2.95,0.0012071347811539802
3,5,1,1,3.0,0.0012062696129861565
1,5,3,1,0.05,0.001858336372075165
1,5,3,1,0.1,0.0018143028115831011
1,5,3,1,0.15000000000000002,0.0017726532355491378
1,5,3,1,0.2,0.0017333607350215922
1,5,3,1,0.25,0.00169638166321533
1,5,3,1,0.3,0.0016616579390469376
1,5,3,1,0.35000000000000003,0.0016291193858862581
1,5,3,1,0.4,0.0015986860317723452
1,5,3,1,0.45,0.001570270310313445
1,5,3,1,0.5,0.0015437791151288011
1,5,3,1,0.55,0.0015191156740593766
1,5,3,1,0.6000000000000001,0.0014961812217606295
1,5,3,1,0.6500000000000001,0.0014748764602062676
1,5,3,1,0.7000000000000001,0.0014551028058010142
1,5,3,1,0.7500000000000001,0.0014367634291255304
1,5,3,1,0.8,0.0014197640988602934
1,5,3,1,0.8500000000000001,0.0014040138452998472
1,5,3,1,0.9000000000000001,0.0013894254612794364
1,5,3,1,0.9500000000000001,0.0013759158595288178
1,5,3,1,1.0,0.0013634063056857347
1,5,3,1,1.05,0.0013518225456757406
1,5,3,1,1.1,0.001341094845104561
1,5,3,1,1.1500000000000001,0.0013311579568938408
1,5,3,1,1.2000000000000002,0.0013219510317694135
1,5,3,1,1.2500000000000002,0.0013134174845008274
1,5,3,1,1.3,0.0013055048270811576
1,5,3,1,1.35,0.0012981644783916608
1,5,3,1,1.4000000000000001,0.0012913515583602077
1,5,3,1,1.4500000000000002,0.001285024673222451
1,5,3,1,1.5000000000000002,0.001279145697243837
1,5,3,1,1.55,0.0012736795551625741
1,5,3,1,1.6,0.001268594008664935
1,5,3,1,1.6500000000000001,0.001263859449396622
1,5,3,1,1.7000000000000002,0.00125944870033592
1,5,3,1,1.7500000000000002,0.0012553368267931905
1,5,3,1,1.8,0.0012515009578433036
1,5,3,1,1.85,0.001247920118629582
1,5,3,1,1.9000000000000001,0.001244575073686946
1,5,3,1,1.9500000000000002,0.0012414481812064986
1,5,3,1,2.0,0.0012385232579930708
1,5,3,1,2.05,0.0012357854547418317
1,5,3,1,2.1,0.0012332211411716979
1,5,3,1,2.15,0.0012308178004947809
1,5,3,1,2.1999999999999997,0.0012285639326664454
1,5,3,1,2.25,0.0012264489658445692
1,5,3,1,2.3,0.0012244631754850265
1,5,3,1,2.35,0.0012225976105097469
1,5,3,1,2.4,0.0012208440260010123
1,5,3,1,2.45,0.0012191948218986516
1,5,3,1,2.5,0.0012176429872035916
1,5,3,1,2.55,0.0012161820492203415
1,5,3,1,2.6,0.001214806027401305
1,5,3,1,2.65,0.0012135093913864096
1,5,3,1,2.7,0.001212287022861804
1,5,3,1,2.75,0.001211134180890759
1,5,3,1,2.8,0.0012100464703981239
1,5,3,1,2.85,0.0012090198135164645
1,5,3,1,2.9,0.0012080504235272478
1,5,3,1,2.95,0.0012071347811539802
1,5,3,1,3.0,0.0012062696129861565
-1,-1,-1,2,0.05,0.0025950299892974205
-1,-1,-1,2,0.1,0.002624723053769787
-1,-1,-1,2,0.15000000000000002,0.0026532248124319837
-1,-1,-1,2,0.2,0.0026805805092623477
-1,-1,-1,2,0.25,0.002706836567219361
-1,-1,-1,2,0.3,0.002732039720489509
-1,-1,-1,2,0.35000000000000003,0.002756236291170191
-1,-1,-1,2,0.4,0.002779471606390824
-1,-1,-1,2,0.45,0.0028017895472132654
-1,-1,-1,2,0.5,0.00282323221737736
-1,-1,-1,2,0.55,0.0028438397179364455
-1,-1,-1,2,0.6000000000000001,0.0028636500128787876
-1,-1,-1,2,0.6500000000000001,0.002882698870749281
-1,-1,-1,2,0.7000000000000001,0.0029010198678649478
-1,-1,-1,2,0.7500000000000001,0.0029186444397658294
-1,-1,-1,2,0.8,0.0029356019688909093
-1,-1,-1,2,0.8500000000000001,0.002951919897976554
-1,-1,-1,2,0.9000000000000001,0.0029676238602312686
-1,-1,-1,2,0.9500000000000001,0.0029827378188623304
-1,-1,-1,2,1.0,0.002997284209958514
-1,-1,-1,2,1.05,0.003011284084031276
-1,-1,-1,2,1.1,0.003024757242663962
-1,-1,-1,2,1.1500000000000001,0.003037722367707218
-1,-1,-1,2,1.2000000000000002,0.003050197141291049
-1,-1,-1,2,1.2500000000000002,0.0030621983556083678
-1,-1,-1,2,1.3,0.003073742011974224
-1,-1,-1,2,1.35,0.0030848434090942384
-1,-1,-1,2,1.4000000000000001,0.003095517220800984
-1,-1,-1,2,1.4500000000000002,0.0031057775637537894
-1,-1,-1,2,1.5000000000000002,0.003115638055760629
-1,-1,-1,2,1.55,0.0031251118654840285
-1,-1,-1,2,1.6,0.0031342117543482536
-1,-1,-1,2,1.6500000000000001,0.0031429501114831906
-1,-1,-1,2,1.7000000000000002,0.0031513389825301354
-1,-1,-1,2,1.7500000000000002,0.003159390093103792
-1,-1,-1,2,1.8,0.0031671148676593896
-1,-1,-1,2,1.85,0.0031745244444588944
-1,-1,-1,2,1.9000000000000001,0.0031816296872699433
-1,-1,-1,2,1.9500000000000002,0.0031884411943683233
-1,-1,-1,2,2.0,0.003194969305352061
-1,-1,-1,2,2.05,0.003201224106214083
-1,-1,-1,2,2.1,0.003207215433062304
-1,-1,-1,2,2.15,0.003212952874821646
-1,-1,-1,2,2.1999999999999997,0.003218445775202441
-1,-1,-1,2,2.25,0.003223703234174119
-1,-1,-1,2,2.3,0.003228734109142195
-1,-1,-1,2,2.35,0.003233547015990149
-1,-1,-1,2,2.4,0.003238150330115741
-1,-1,-1,2,2.45,0.0032425521875633825
-1,-1,-1,2,2.5,0.0032467604863299923
-1,-1,-1,2,2.55,0.0032507828879011777
-1,-1,-1,2,2.6,0.0032546268190570236
-1,-1,-1,2,2.65,0.0032582994739722075
-1,-1,-1,2,2.7,0.0032618078166229644
-1,-1,-1,2,2.75,0.0032651585835035985
-1,-1,-1,2,2.8,0.0032683582866472717
-1,-1,-1,2,2.85,0.0032714132169395483
-1,-1,-1,2,2.9,0.0032743294477083893
-1,-1,-1,2,2.95,0.003277112838570743
-1,-1,-1,2,3.0,0.003279769039513343
-1,1,-1,2,0.05,0.0011666346261784018
-1,1,-1,2,0.1,0.001221969130537139
-1,1,-1,2,0.15000000000000002,0.0012769354089506566
-1,1,-1,2,0.2,0.0013313665341928471
-1,1,-1,2,0.25,0.0013851092337378056
-1,1,-1,2,0.3,0.0014380248323706299
-1,1,-1,2,0.35000000000000003,0.0014899897948714106
-1,1,-1,2,0.4,0.0015408959049759351
-1,1,-1,2,0.45,0.0015906501250991273
-1,1,-1,2,0.5,0.0016391741860244296
-1,1,-1,2,0.55,0.0016864039573315991
-1,1,-1,2,0.6000000000000001,0.001732288648304366
-1,1,-1,2,0.6500000000000001,0.0017767898860303246
-1,1,-1,2,0.7000000000000001,0.001819880712973724
-1,1,-1,2,0.7500000000000001,0.0018615445410118513
-1,1,-1,2,0.8,0.0019017740932428856
-1,1,-1,2,0.8500000000000001,0.0019405703591708146
-1,1,-1,2,0.9000000000000001,0.0019779415834309307
-1,1,-1,2,0.9500000000000001,0.0020139023032300116
-1,1,-1,2,1.0,0.00204847244525519
-1,1,-1,2,1.05,0.002081676489009599
-1,1,-1,2,1.1,0.002113542700368366
-1,1,-1,2,1.1500000000000001,0.0021441024365883472
-1,1,-1,2,1.2000000000000002,0.0021733895219996206
-1,1,-1,2,1.2500000000000002,0.0022014396920933656
-1,1,-1,2,1.3,0.0022282901026310408
-1,1,-1,2,1.35,0.0022539788996650055
-1,1,-1,2,1.4000000000000001,0.0022785448459158343
-1,1,-1,2,1.4500000000000002,0.0023020269987370622
-1,1,-1,2,1.5000000000000002,0.0023244644348616684
-1,1,-1,2,1.55,0.0023458960172213768
-1,1,-1,2,1.6,0.0023663601993222064
-1,1,-1,2,1.6500000000000001,0.002385894862917018
-1,1,-1,2,1.7000000000000002,0.0024045371850135444
-1,1,-1,2,1.7500000000000002,0.002422323530575398
-1,1,-1,2,1.8,0.002439289367599336
-1,1,-1,2,1.85,0.002455469201573832
-1,1,-1,2,1.9000000000000001,0.0024708965266342243
-1,1,-1,2,1.9500000000000002,0.002485603791023083
-1,1,-1,2,2.0,0.002499622374737968
-1,1,-1,2,2.05,0.0025129825775005274
-1,1,-1,2,2.1,0.0025257136154104116
-1,1,-1,2,2.15,0.002537843624854967
-1,1,-1,2,2.1999999999999997,0.0025493996724318315
-1,1,-1,2,2.25,0.002560407769807574
-1,1,-1,2,2.3,0.0025708928925827924
-1,1,-1,2,2.35,0.0025808790023640845
-1,1,-1,2,2.4,0.002590389071357543
-1,1,-1,2,2.45,0.002599445108898555
-1,1,-1,2,2.5,0.002608068189419979
-1,1,-1,2,2.55,0.0026162784814368033
-1,1,-1,2,2.6,0.0026240952771912985
-1,1,-1,2,2.65,0.002631537022659783
-1,1,-1,2,2.7,0.0026386213476713234
-1,1,-1,2,2.75,0.002645365095931156
-1,1,-1,2,2.8,0.002651784354778034
-1,1,-1,2,2.85,0.0026578944845359696
-1,1,-1,2,2.9,0.002663710147347549
-1,1,-1,2,2.95,0.002669245335398805
-1,1,-1,2,3.0,0.00267451339846505
-1,-1,1,2,0.05,0.002777370369086497
-1,-1,1,2,0.1,0.0027762504145823035
-1,-1,1,2,0.15000000000000002,0.0027745614810689764
-1,-1,1,2,0.2,0.002772433571292887
-1,-1,1,2,0.25,0.0027699828974634836
-1,-1,1,2,0.3,0.0027673119956592887
-1,-1,1,2,0.35000000000000003,0.0027645101192727947
-1,-1,1,2,0.4,0.002761653851424298
-1,-1,1,2,0.45,0.002758807880344436
-1,-1,1,2,0.5,0.002756025887327852
-1,-1,1,2,0.55,0.0027533515033358364
-1,-1,1,2,0.6000000000000001,0.0027508192971344306
-1,-1,1,2,0.6500000000000001,0.002748455764580939
-1,-1,1,2,0.7000000000000001,0.002746280295018024
-1,-1,1,2,0.7500000000000001,0.0027443060965047553
-1,-1,1,2,0.8,0.002742541066697821
-1,-1,1,2,0.8500000000000001,0.002740988600549567
-1,-1,1,2,0.9000000000000001,0.0027396483296180814
-1,-1,1,2,0.9500000000000001,0.0027385167907278433
-1,-1,1,2,1.0,0.0027375880240386994
-1,-1,1,2,1.05,0.0027368541023490085
-1,-1,1,2,1.1,0.0027363055947528182
-1,-1,1,2,1.1500000000000001,0.002735931968666973
-1,-1,1,2,1.2000000000000002,0.002735721934813483
-1,-1,1,2,1.2500000000000002,0.002735663740050279
-1,-1,1,2,1.3,0.002735745413046507
-1,-1,1,2,1.35,0.0027359549677459876
-1,-1,1,2,1.4000000000000001,0.002736280569395588
-1,-1,1,2,1.4500000000000002,0.002736710667668014
-1,-1,1,2,1.5000000000000002,0.002737234101108478
-1,-1,1,2,1.55,0.0027378401768036126
-1,-1,1,2,1.6,0.0027385187288257676
-1,-1,1,2,1.6500000000000001,0.00273926015865931
-1,-1,1,2,1.7000000000000002,0.0027400554604770986
-1,-1,1,2,1.7500000000000002,0.0027408962338116355
-1,-1,1,2,1.8,0.002741774685860979
-1,-1,1,2,1.85,0.0027426836253870365
-1,-1,1,2,1.9000000000000001,0.0027436164499048113
-1,-1,1,2,1.9500000000000002,0.002744567127625929
-1,-1,1,2,2.0,0.002745530175407989
-1,-1,1,2,2.05,0.002746500633772162
-1,-1,1,2,2.1,0.0027474740398837237
-1,-1,1,2,2.15,0.0027484463992424523
-1,-1,1,2,2.1999999999999997,0.0027494141567005457
-1,-1,1,2,2.25,0.0027503741673131615
-1,-1,1,2,2.3,0.002751323667429438
-1,-1,1,2,2.35,0.0027522602463481943
-1,-1,1,2,2.4,0.0027531818187910887
-1,-1,1,2,2.45,0.0027540865983853593
-1,-1,1,2,2.5,0.002754973072297112
-1,-1,1,2,2.55,0.002755839977113338
-1,-1,1,2,2.6,0.002756686276035276
-1,-1,1,2,2.65,0.0027575111374164786
-1,-1,1,2,2.7,0.0027583139146551247
-1,-1,1,2,2.75,0.0027590941274309574
-1,-1,1,2,2.8,0.002759851444262029
-1,-1,1,2,2.85,0.0027605856663446295
-1,-1,1,2,2.9,0.0027612967126308297
-1,-1,1,2,2.95,0.0027619846060914833
-1,-1,1,2,3.0,0.0027626494611079798
-1,3,-1,2,0.05,0.001882454650741169
-1,3,-1,2,0.1,0.001912518587464293
-1,3,-1,2,0.15000000000000002,0.0019420212064071528
-1,3,-1,2,0.2,0.00197094225813836
-1,3,-1,2,0.25,0.001999263707351848
-1,3,-1,2,0.3,0.0020269697251843774
-1,3,-1,2,0.35000000000000003,0.002054046666849977
-1,3,-1,2,0.4,0.002080483035658344
-1,3,-1,2,0.45,0.0021062694345826056
-1,3,-1,2,0.5,0.0021313985066141704
-1,3,-1,2,0.55,0.002155864865189314
-1,3,-1,2,0.6000000000000001,0.0021796650159951673
-1,3,-1,2,0.6500000000000001,0.0022027972714636374
-1,3,-1,2,0.7000000000000001,0.0022252616592425972
-1,3,-1,2,0.7500000000000001,0.002247059825896905
-1,3,-1,2,0.8,0.0022681949370397738
-1,3,-1,2,0.8500000000000001,0.002288671575030463
-1,3,-1,2,0.9000000000000001,0.002308495635299575
-1,3,-1,2,0.9500000000000001,0.0023276742222809762
-1,3,-1,2,1.0,0.002346215545841768
-1,3,-1,2,1.05,0.002364128819011014
-1,3,-1,2,1.1,0.0023814241577159332
-1,3,-1,2,1.1500000000000001,0.0023981124831428174
-1,3,-1,2,1.2000000000000002,0.0024142054272503614
-1,3,-1,2,1.2500000000000002,0.002429715241876772
-1,3,-1,2,1.3,0.0024446547117998483
-1,3,-1,2,1.35,0.0024590370720320312
-1,3,-1,2,1.4000000000000001,0.0024728759295607927
-1,3,-1,2,1.4500000000000002,0.002486185189679009
-1,3,-1,2,1.5000000000000002,0.0024989789869904124
-1,3,-1,2,1.55,0.0025112716211219146
-1,3,-1,2,1.6,0.0025230774971274285
-1,3,-1,2,1.6500000000000001,0.002534411070526734
-1,3,-1,2,1.7000000000000002,0.002545286796887615
-1,3,-1,2,1.7500000000000002,0.002555719085829683
-1,3,-1,2,1.8,0.002565722259303643
-1,3,-1,2,1.85,0.002575310513979837
-1,3,-1,2,1.9000000000000001,0.002584497887564368
-1,3,-1,2,1.9500000000000002,0.00259329822884952
-1,3,-1,2,2.0,0.002601725171297118
-1,3,-1,2,2.05,0.0026097921099485577
-1,3,-1,2,2.1,0.0026175121814530707
-1,3,-1,2,2.15,0.0026248982470059683
-1,3,-1,2,2.1999999999999997,0.0026319628779908743
-1,3,-1,2,2.25,0.002638718344123867
-1,3,-1,2,2.3,0.0026451766039028227
-1,3,-1,2,2.35,0.0026513492971717498
-1,3,-1,2,2.4,0.002657247739617279
-1,3,-1,2,2.45,0.0026628829190225916
-1,3,-1,2,2.5,0.0026682654931126054
-1,3,-1,2,2.55,0.002673405788833168
-1,3,-1,2,2.6,0.0026783138029160694
-1,3,-1,2,2.65,0.002682999203590848
-1,3,-1,2,2.7,0.0026874713333134245
-1,3,-1,2,2.75,0.0026917392123905984
-1,3,-1,2,2.8,0.002695811543388168
-1,3,-1,2,2.85,0.0026996967162189202
-1,3,-1,2,2.9,0.0027034028138149526
-1,3,-1,2,2.95,0.0027069376182965814
-1,3,-1,2,3.0,0.002710308617557602
-1,-1,3,2,0.05,0.0022493105496808516
-1,-1,3,2,0.1,0.0022750426802759334
-1,-1,3,2,0.15000000000000002,0.002299458163674522
-1,-1,3,2,0.2,0.0023226027350193427
-1,-1,3,2,0.25,0.0023445269203315497
-1,-1,3,2,0.3,0.0023652847116756794
-1,-1,3,2,0.35000000000000003,0.0023849323434617267
-1,-1,3,2,0.4,0.002403527192353387
-1,-1,3,2,0.45,0.002421126814735024
-1,-1,3,2,0.5,0.0024377881280097484
-1,-1,3,2,0.55,0.0024535667354501326
-1,-1,3,2,0.6000000000000001,0.002468516389051124
-1,-1,3,2,0.6500000000000001,0.0024826885808695055
-1,-1,3,2,0.7000000000000001,0.002496132250609419
-1,-1,3,2,0.7500000000000001,0.0025088935955973673
-1,-1,3,2,0.8,0.0025210159686128732
-1,-1,3,2,0.8500000000000001,0.0025325398491169724
-1,-1,3,2,0.9000000000000001,0.002543502874066267
-1,-1,3,2,0.9500000000000001,0.002553939915545987
-1,-1,3,2,1.0,0.0025638831937534823
-1,-1,3,2,1.05,0.0025733624152915763
-1,-1,3,2,1.1,0.0025824049281924933
-1,-1,3,2,1.1500000000000001,0.002591035886515689
-1,-1,3,2,1.2000000000000002,0.002599278418696307
-1,-1,3,2,1.2500000000000002,0.00260715379503299
-1,-1,3,2,1.3,0.0026146815907770278
-1,-1,3,2,1.35,0.0026218798422130347
-1,-1,3,2,1.4000000000000001,0.0026287651939069095
-1,-1,3,2,1.4500000000000002,0.002635353035947439
-1,-1,3,2,1.5000000000000002,0.002641657630535238
-1,-1,3,2,1.55,0.002647692227690132
-1,-1,3,2,1.6,0.0026534691701698824
-1,-1,3,2,1.6500000000000001,0.0026589999879333514
-1,-1,3,2,1.7000000000000002,0.0026642954826531524
-1,-1,3,2,1.7500000000000002,0.002669365802898689
-1,-1,3,2,1.8,0.002674220510681247
-1,-1,3,2,1.85,0.0026788686400878664
-1,-1,3,2,1.9000000000000001,0.0026833187487383305
-1,-1,3,2,1.9500000000000002,0.0026875789627865687
-1,-1,3,2,2.0,0.002691657016159787
-1,-1,3,2,2.05,0.002695560284690307
-1,-1,3,2,2.1,0.0026992958157501606
-1,-1,3,2,2.15,0.0027028703539497935
-1,-1,3,2,2.1999999999999997,0.0027062903634121134
-1,-1,3,2,2.25,0.0027095620470831594
-1,-1,3,2,2.3,0.0027126913634921996
-1,-1,3,2,2.35,0.0027156840413278924
-1,-1,3,2,2.4,0.002718545592153861
-1,-1,3,2,2.45,0.0027212813215469664
-1,-1,3,2,2.5,0.0027238963389049223
-1,-1,3,2,2.55,0.0027263955661366458
-1,-1,3,2,2.6,0.002728783745418884
-1,-1,3,2,2.65,0.002731065446176014
-1,-1,3,2,2.7,0.002733245071416305
-1,-1,3,2,2.75,0.002735326863537214
-1,-1,3,2,2.8,0.002737314909694082
-1,-1,3,2,2.85,0.0027392131468108815
-1,-1,3,2,2.9,0.0027410253662979974
-1,-1,3,2,2.95,0.002742755218530344
-1,-1,3,2,3.0,0.0027444062171291077
-1,5,-1,2,0.05,0.003331986473183301
-1,5,-1,2,0.1,0.003328116230014727
-1,5,-1,2,0.15000000000000002,0.0033219809183983873
-1,5,-1,2,0.2,0.0033138389358458383
-1,5,-1,2,0.25,0.003303944606925294
-1,5,-1,2,0.3,0.0032925445909807284
-1,5,-1,2,0.35000000000000003,0.003279874892052042
-1,5,-1,2,0.4,0.003266158479730839
-1,5,-1,2,0.45,0.00325160350437092
-1,5,-1,2,0.5,0.003236402069995067
-1,5,-1,2,0.55,0.0032207295135686666
-1,5,-1,2,0.6000000000000001,0.003204744129797882
-1,5,-1,2,0.6500000000000001,0.0031885872757086856
-1,5,-1,2,0.7000000000000001,0.003172383788245114
-1,5,-1,2,0.7500000000000001,0.0031562426501828833
-1,5,-1,2,0.8,0.0031402578439828615
-1,5,-1,2,0.8500000000000001,0.0031245093390631297
-1,5,-1,2,0.9000000000000001,0.0031090641647016034
-1,5,-1,2,0.9500000000000001,0.003093977527861961
-1,5,-1,2,1.0,0.003079293942251775
-1,5,-1,2,1.05,0.003065048341573553
-1,5,-1,2,1.1,0.00305126715601662
-1,5,-1,2,1.1500000000000001,0.003037969336443032
-1,5,-1,2,1.2000000000000002,0.003025167315392993
-1,5,-1,2,1.2500000000000002,0.003012867897972615
-1,5,-1,2,1.3,0.0030010730789230148
-1,5,-1,2,1.35,0.0029897807847610648
-1,5,-1,2,1.4000000000000001,0.002978985541897984
-1,5,-1,2,1.4500000000000002,0.002968679073157815
-1,5,-1,2,1.5000000000000002,0.0029588508262088082
-1,5,-1,2,1.55,0.0029494884381588878
-1,5,-1,2,1.6,0.002940578141017558
-1,5,-1,2,1.6500000000000001,0.002932105112949685
-1,5,-1,2,1.7000000000000002,0.00292405378029276
-1,5,-1,2,1.7500000000000002,0.0029164080752219794
-1,5,-1,2,1.8,0.0029091516537631586
-1,5,-1,2,1.85,0.002902268078601901
-1,5,-1,2,1.9000000000000001,0.0028957409708424363
-1,5,-1,2,1.9500000000000002,0.002889554134550055
-1,5,-1,2,2.0,0.0028836916575816058
-1,5,-1,2,2.05,0.002878137991880087
-1,5,-1,2,2.1,0.00287287801608991
-1,5,-1,2,2.15,0.0028678970830446197
-1,5,-1,2,2.1999999999999997,0.002863181054392395
-1,5,-1,2,2.25,0.0028587163243587455
-1,5,-1,2,2.3,0.0028544898344016055
-1,5,-1,2,2.35,0.0028504890802917003
-1,5,-1,2,2.4,0.002846702112950179
-1,5,-1,2,2.45,0.0028431175341953785
-1,5,-1,2,2.5,0.0028397244883898655
-1,5,-1,2,2.55,0.0028365126508364882
-1,5,-1,2,2.6,0.002833472213646471
-1,5,-1,2,2.65,0.002830593869692245
-1,5,-1,2,2.7,0.0028278687951612874
-1,5,-1,2,2.75,0.002825288631143272
-1,5,-1,2,2.8,0.0028228454646101304
-1,5,-1,2,2.85,0.0028205318090857925
-1,5,-1,2,2.9,0.002818340585248446
-1,5,-1,2,2.95,0.0028162651016618834
-1,5,-1,2,3.0,0.0028142990357931663
-1,-1,5,2,0.05,0.0014405198262898535
-1,-1,5,2,0.1,0.0014911774335807377
-1,-1,5,2,0.15000000000000002,0.0015407698454604451
-1,-1,5,2,0.2,0.0015892193785181988
-1,-1,5,2,0.25,0.0016364618615809724
-1,-1,5,2,0.3,0.0016824458167896171
-1,-1,5,2,0.35000000000000003,0.0017271315376420084
-1,-1,5,2,0.4,0.0017704901047755869
-1,-1,5,2,0.45,0.0018125023742197517
-1,-1,5,2,0.5,0.0018531579666897216
-1,-1,5,2,0.55,0.0018924542805633558
-1,-1,5,2,0.6000000000000001,0.0019303955457205919
-1,-1,5,2,0.6500000000000001,0.001966991930578279
-1,-1,5,2,0.7000000000000001,0.002002258710492153
-1,-1,5,2,0.7500000000000001,0.0020362155022352
-1,-1,5,2,0.8,0.0020688855664688353
-1,-1,5,2,0.8500000000000001,0.0021002951779440704
-1,-1,5,2,0.9000000000000001,0.0021304730615325077
-1,-1,5,2,0.9500000000000001,0.002159449891013522
-1,-1,5,2,1.0,0.002187257846756289
-1,-1,5,2,1.05,0.0022139302279596987
-1,-1,5,2,1.1,0.002239501114883193
-1,-1,5,2,1.1500000000000001,0.00226400507645894
-1,-1,5,2,1.2000000000000002,0.0022874769187712952
-1,-1,5,2,1.2500000000000002,0.0023099514700823647
-1,-1,5,2,1.3,0.0023314633983399064
-1,-1,5,2,1.35,0.0023520470573998326
-1,-1,5,2,1.4000000000000001,0.0023717363585105153
-1,-1,5,2,1.4500000000000002,0.0023905646639250312
-1,-1,5,2,1.5000000000000002,0.002408564699819958
-1,-1,5,2,1.55,0.0024257684859978874
-1,-1,5,2,1.6,0.002442207280130883
-1,-1,5,2,1.6500000000000001,0.002457911534560834
-1,-1,5,2,1.7000000000000002,0.002472910863908978
-1,-1,5,2,1.7500000000000002,0.0024872340219604583
-1,-1,5,2,1.8,0.0025009088864814508
-1,-1,5,2,1.85,0.0025139624507970783
-1,-1,5,2,1.9000000000000001,0.002526420821109616
-1,-1,5,2,1.9500000000000002,0.002538309218669865
-1,-1,5,2,2.0,0.0025496519860317398
-1,-1,5,2,2.05,0.002560472596722711
-1,-1,5,2,2.1,0.002570793667752366
-1,-1,5,2,2.15,0.0025806369744594167
-1,-1,5,2,2.1999999999999997,0.002590023467265485
-1,-1,5,2,2.25,0.0025989732899630194
-1,-1,5,2,2.3,0.0026075057992160358
-1,-1,5,2,2.35,0.0026156395849968503
-1,-1,5,2,2.4,0.002623392491720654
-1,-1,5,2,2.45,0.0026307816398732893
-1,-1,5,2,2.5,0.002637823447956667
-1,-1,5,2,2.55,0.0026445336546015914
-1,-1,5,2,2.6,0.002650927340719631
-1,-1,5,2,2.65,0.0026570189515848315
-1,-1,5,2,2.7,0.002662822318752595
-1,-1,5,2,2.75,0.002668350681737522
-1,-1,5,2,2.8,0.002673616709384569
-1,-1,5,2,2.85,0.002678632520878824
-1,-1,5,2,2.9,0.002683409706348745
-1,-1,5,2,2.95,0.002687959347026007
-1,-1,5,2,3.0,0.002692292034932358
5,1,3,2,0.05,0.0004999862683621722
5,1,3,2,0.1,0.0005237010559444882
5,1,3,2,0.15000000000000002,0.0005472580324074243
5,1,3,2,0.2,0.0005705856575112202
5,1,3,2,0.25,0.0005936182430304882
5,1,3,2,0.3,0.00061629635673027
5,1,3,2,0.35000000000000003,0.0006385670549448903
5,1,3,2,0.4,0.0006603839592754008
5,1,3,2,0.45,0.0006817071964710546
5,1,3,2,0.5,0.0007025032225818985
5,1,3,2,0.55,0.0007227445531421139
5,1,3,2,0.6000000000000001,0.0007424094207018711
5,1,3,2,0.6500000000000001,0.0007614813797272821
5,1,3,2,0.7000000000000001,0.0007799488769887388
5,1,3,2,0.7500000000000001,0.0007978048032907934
5,1,3,2,0.8,0.0008150460399612367
5,1,3,2,0.8500000000000001,0.0008316730110732063
5,1,3,2,0.9000000000000001,0.0008476892500418275
5,1,3,2,0.9500000000000001,0.0008631009870985765
5,1,3,2,1.0,0.0008779167622522243
5,1,3,2,1.05,0.0008921470667183997
5,1,3,2,1.1,0.0009058040144435856
5,1,3,2,1.1500000000000001,0.0009189010442521489
5,1,3,2,1.2000000000000002,0.0009314526522855517
5,1,3,2,1.2500000000000002,0.0009434741537542996
5,1,3,2,1.3,0.0009549814725561604
5,1,3,2,1.35,0.0009659909569992881
5,1,3,2,1.4000000000000001,0.0009765192196782148
5,1,3,2,1.4500000000000002,0.000986582999458741
5,1,3,2,1.5000000000000002,0.0009961990435121437
5,1,3,2,1.55,0.0010053840073805903
5,1,3,2,1.6,0.0010141543711380885
5,1,3,2,1.6500000000000001,0.0010225263698215791
5,1,3,2,1.7000000000000002,0.001030515936434376
5,1,3,2,1.7500000000000002,0.0010381386559608849
5,1,3,2,1.8,0.0010454097289711438
5,1,3,2,1.85,0.0010523439435316422
5,1,3,2,1.9000000000000001,0.0010589556542718104
5,1,3,2,1.9500000000000002,0.0010652587675813213
5,1,3,2,2.0,0.0010712667320305579
5,1,3,2,2.05,0.0010769925332145117
5,1,3,2,2.1,0.0010824486923187479
5,1,3,2,2.15,0.001087647267794986
5,1,3,2,2.1999999999999997,0.0010925998596136423
5,1,3,2,2.25,0.0010973176156318174
5,1,3,2,2.3,0.0011018112396783397
5,1,3,2,2.35,0.0011060910010131791
5,1,3,2,2.4,0.0011101667448675185
5,1,3,2,2.45,0.0011140479038136664
5,1,3,2,2.5,0.0011177435097514197
5,1,3,2,2.55,0.0011212622063300585
5,1,3,2,2.6,0.0011246122616534137
5,1,3,2,2.65,0.0011278015811399071
5,1,3,2,2.7,0.0011308377204305674
5,1,3,2,2.75,0.0011337278982562096
5,1,3,2,2.8,0.0011364790091905861
5,1,3,2,2.85,0.0011390976362297012
5,1,3,2,2.9,0.0011415900631489499
5,1,3,2,2.95,0.001143962286599488
5,1,3,2,3.0,0.001146220027913593
3,1,5,2,0.05,0.0004999862683621722
3,1,5,2,0.1,0.0005237010559444882
3,1,5,2,0.15000000000000002,0.0005472580324074243
3,1,5,2,0.2,0.0005705856575112202
3,1,5,2,0.25,0.0005936182430304882
3,1,5,2,0.3,0.00061629635673027
3,1,5,2,0.35000000000000003,0.0006385670549448903
3,1,5,2,0.4,0.0006603839592754008
3,1,5,2,0.45,0.0006817071964710546
3,1,5,2,0.5,0.0007025032225818985
3,1,5,2,0.55,0.0007227445531421139
3,1,5,2,0.6000000000000001,0.0007424094207018711
3,1,5,2,0.6500000000000001,0.0007614813797272821
3,1,5,2,0.7000000000000001,0.0007799488769887388
3,1,5,2,0.7500000000000001,0.0007978048032907934
3,1,5,2,0.8,0.0008150460399612367
3,1,5,2,0.8500000000000001,0.0008316730110732063
3,1,5,2,0.9000000000000001,0.0008476892500418275
3,1,5,2,0.9500000000000001,0.0008631009870985765
3,1,5,2,1.0,0.0008779167622522243
3,1,5,2,1.05,0.0008921470667183997
3,1,5,2,1.1,0.0009058040144435856
3,1,5,2,1.1500000000000001,0.0009189010442521489
3,1,5,2,1.2000000000000002,0.0009314526522855517
3,1,5,2,1.2500000000000002,0.0009434741537542996
3,1,5,2,1.3,0.0009549814725561604
3,1,5,2,1.35,0.0009659909569992881
3,1,5,2,1.4000000000000001,0.0009765192196782148
3,1,5,2,1.4500000000000002,0.000986582999458741
3,1,5,2,1.5000000000000002,0.0009961990435121437
3,1,5,2,1.55,0.0010053840073805903
3,1,5,2,1.6,0.0010141543711380885
3,1,5,2,1.6500000000000001,0.0010225263698215791
3,1,5,2,1.7000000000000002,0.001030515936434376
3,1,5,2,1.7500000000000002,0.0010381386559608849
3,1,5,2,1.8,0.0010454097289711438
3,1,5,2,1.85,0.0010523439435316422
3,1,5,2,1.9000000000000001,0.0010589556542718104
3,1,5,2,1.9500000000000002,0.0010652587675813213
3,1,5,2,2.0,0.0010712667320305579
3,1,5,2,2.05,0.0010769925332145117
3,1,5,2,2.1,0.0010824486923187479
3,1,5,2,2.15,0.001087647267794986
3,1,5,2,2.1999999999999997,0.0010925998596136423
3,1,5,2,2.25,0.0010973176156318174
3,1,5,2,2.3,0.0011018112396783397
3,1,5,2,2.35,0.0011060910010131791
3,1,5,2,2.4,0.0011101667448675185
3,1,5,2,2.45,0.0011140479038136664
3,1,5,2,2.5,0.0011177435097514197
3,1,5,2,2.55,0.0011212622063300585
3,1,5,2,2.6,0.0011246122616534137
3,1,5,2,2.65,0.0011278015811399071
3,1,5,2,2.7,0.0011308377204305674
3,1,5,2,2.75,0.0011337278982562096
3,1,5,2,2.8,0.0011364790091905861
3,1,5,2,2.85,0.0011390976362297012
3,1,5,2,2.9,0.0011415900631489499
3,1,5,2,2.95,0.001143962286599488
3,1,5,2,3.0,0.001146220027913593
5,3,1,2,0.05,0.0008067662788890725
5,3,1,2,0.1,0.0008196508231989827
5,3,1,2,0.15000000000000002,0.0008322948027459227
5,3,1,2,0.2,0.0008446895392021542
5,3,1,2,0.25,0.000856827303150792
5,3,1,2,0.3,0.0008687013107933047
5,3,1,2,0.35000000000000003,0.0008803057143642759
5,3,1,2,0.4,0.0008916355867107189
5,3,1,2,0.45,0.0009026869005354024
5,3,1,2,0.5,0.0009134565028346446
5,3,1,2,0.55,0.0009239420850811345
5,3,1,2,0.6000000000000001,0.0009341421497122146
5,3,1,2,0.6500000000000001,0.0009440559734844161
5,3,1,2,0.7000000000000001,0.0009536835682468275
5,3,1,2,0.7500000000000001,0.0009630256396701022
5,3,1,2,0.8,0.0009720835444456173
5,3,1,2,0.8500000000000001,0.000980859246441627
5,3,1,2,0.9000000000000001,0.0009893552722712465
5,3,1,2,0.9500000000000001,0.000997574666691847
5,3,1,2,1.0,0.0010055209482179007
5,3,1,2,1.05,0.0010131980652904346
5,3,1,2,1.1,0.0010206103533068286
5,3,1,2,1.1500000000000001,0.0010277624927754934
5,3,1,2,1.2000000000000002,0.0010346594688215834
5,3,1,2,1.2500000000000002,0.0010413065322329024
5,3,1,2,1.3,0.001047709162199935
5,3,1,2,1.35,0.0010538730308708706
5,3,1,2,1.4000000000000001,0.0010598039698117684
5,3,1,2,1.4500000000000002,0.001065507938433861
5,3,1,2,1.5000000000000002,0.0010709909944244624
5,3,1,2,1.55,0.0010762592661951063
5,3,1,2,1.6,0.0010813189273403267
5,3,1,2,1.6500000000000001,0.0010861761730828862
5,3,1,2,1.7000000000000002,0.0010908371986661205
5,3,1,2,1.7500000000000002,0.0010953081796412926
5,3,1,2,1.8,0.0010995952539872757
5,3,1,2,1.85,0.0011037045059913587
5,3,1,2,1.9000000000000001,0.0011076419518133006
5,3,1,2,1.9500000000000002,0.0011114135266497944
5,3,1,2,2.0,0.0011150250734130506
5,3,1,2,2.05,0.0011184823328350961
5,3,1,2,2.1,0.001121790934908459
5,3,1,2,2.15,0.0011249563915739864
5,3,1,2,2.1999999999999997,0.0011279840905675175
5,3,1,2,2.25,0.0011308792903388
5,3,1,2,2.3,0.0011336471159583525
5,3,1,2,2.35,0.00113629255593075
5,3,1,2,2.4,0.0011388204598359768
5,3,1,2,2.45,0.001141235536723968
5,3,1,2,2.5,0.0011435423541911168
5,3,1,2,2.55,0.0011457453380713577
5,3,1,2,2.6,0.0011478487726783156
5,3,1,2,2.65,0.001149856801538935
5,3,1,2,2.7,0.0011517734285628961
5,3,1,2,2.75,0.001153602519595971
5,3,1,2,2.8,0.0011553478043092149
5,3,1,2,2.85,0.0011570128783795373
5,3,1,2,2.9,0.0011586012059206941
5,3,1,2,2.95,0.0011601161221271063
5,3,1,2,3.0,0.0011615608360961154
1,3,5,2,0.05,0.0008067662788890725
1,3,5,2,0.1,0.0008196508231989827
1,3,5,2,0.15000000000000002,0.0008322948027459227
1,3,5,2,0.2,0.0008446895392021542
1,3,5,2,0.25,0.000856827303150792
1,3,5,2,0.3,0.0008687013107933047
1,3,5,2,0.35000000000000003,0.0008803057143642759
1,3,5,2,0.4,0.0008916355867107189
1,3,5,2,0.45,0.0009026869005354024
1,3,5,2,0.5,0.0009134565028346446
1,3,5,2,0.55,0.0009239420850811345
1,3,5,2,0.6000000000000001,0.0009341421497122146
1,3,5,2,0.6500000000000001,0.0009440559734844161
1,3,5,2,0.7000000000000001,0.0009536835682468275
1,3,5,2,0.7500000000000001,0.0009630256396701022
1,3,5,2,0.8,0.0009720835444456173
1,3,5,2,0.8500000000000001,0.000980859246441627
1,3,5,2,0.9000000000000001,0.0009893552722712465
1,3,5,2,0.9500000000000001,0.000997574666691847
1,3,5,2,1.0,0.0010055209482179007
1,3,5,2,1.05,0.0010131980652904346
1,3,5,2,1.1,0.0010206103533068286
1,3,5,2,1.1500000000000001,0.0010277624927754934
1,3,5,2,1.2000000000000002,0.0010346594688215834
1,3,5,2,1.2500000000000002,0.0010413065322329024
1,3,5,2,1.3,0.001047709162199935
1,3,5,2,1.35,0.0010538730308708706
1,3,5,2,1.4000000000000001,0.0010598039698117684
1,3,5,2,1.4500000000000002,0.001065507938433861
1,3,5,2,1.5000000000000002,0.0010709909944244624
1,3,5,2,1.55,0.0010762592661951063
1,3,5,2,1.6,0.0010813189273403267
1,3,5,2,1.6500000000000001,0.0010861761730828862
1,3,5,2,1.7000000000000002,0.0010908371986661205
1,3,5,2,1.7500000000000002,0.0010953081796412926
1,3,5,2,1.8,0.0010995952539872757
1,3,5,2,1.85,0.0011037045059913587
1,3,5,2,1.9000000000000001,0.0011076419518133006
1,3,5,2,1.9500000000000002,0.0011114135266497944
1,3,5,2,2.0,0.0011150250734130506
1,3,5,2,2.05,0.0011184823328350961
1,3,5,2,2.1,0.001121790934908459
1,3,5,2,2.15,0.0011249563915739864
1,3,5,2,2.1999999999999997,0.0011279840905675175
1,3,5,2,2.25,0.0011308792903388
1,3,5,2,2.3,0.0011336471159583525
1,3,5,2,2.35,0.00113629255593075
1,3,5,2,2.4,0.0011388204598359768
1,3,5,2,2.45,0.001141235536723968
1,3,5,2,2.5,0.0011435423541911168
1,3,5,2,2.55,0.0011457453380713577
1,3,5,2,2.6,0.0011478487726783156
1,3,5,2,2.65,0.001149856801538935
1,3,5,2,2.7,0.0011517734285628961
1,3,5,2,2.75,0.001153602519595971
1,3,5,2,2.8,0.0011553478043092149
1,3,5,2,2.85,0.0011570128783795373
1,3,5,2,2.9,0.0011586012059206941
1,3,5,2,2.95,0.0011601161221271063
1,3,5,2,3.0,0.0011615608360961154
3,5,1,2,0.05,0.0014279942027928434
3,5,1,2,0.1,0.0014263355271491689
3,5,1,2,0.15000000000000002,0.0014237061078850232
3,5,1,2,0.2,0.0014202166867910736
3,5,1,2,0.25,0.0014159762601108404
3,5,1,2,0.3,0.0014110905389917408
3,5,1,2,0.35000000000000003,0.001405660668022304
3,5,1,2,0.4,0.0013997822055989311
3,5,1,2,0.45,0.0013935443590161088
3,5,1,2,0.5,0.0013870294585693144
3,5,1,2,0.55,0.0013803126486722859
3,5,1,2,0.6000000000000001,0.0013734617699133781
3,5,1,2,0.6500000000000001,0.0013665374038751511
3,5,1,2,0.7000000000000001,0.0013595930521050489
3,5,1,2,0.7500000000000001,0.00135267542150695
3,5,1,2,0.8,0.0013458247902783692
3,5,1,2,0.8500000000000001,0.0013390754310270555
3,5,1,2,0.9000000000000001,0.0013324560705864016
3,5,1,2,0.9500000000000001,0.0013259903690836978
3,5,1,2,1.0,0.0013196974038221893
3,5,1,2,1.05,0.0013135921463886659
3,5,1,2,1.1,0.001307685924007123
3,5,1,2,1.1500000000000001,0.001301986858475585
3,5,1,2,1.2000000000000002,0.0012965002780255684
3,5,1,2,1.2500000000000002,0.0012912290991311207
3,5,1,2,1.3,0.0012861741766812922
3,5,1,2,1.35,0.0012813346220404563
3,5,1,2,1.4000000000000001,0.0012767080893848503
3,5,1,2,1.4500000000000002,0.0012722910313533494
3,5,1,2,1.5000000000000002,0.0012680789255180608
3,5,1,2,1.55,0.0012640664734966662
3,5,1,2,1.6,0.0012602477747218107
3,5,1,2,1.6500000000000001,0.0012566164769784367
3,5,1,2,1.7000000000000002,0.0012531659058397544
3,5,1,2,1.7500000000000002,0.001249889175095134
3,5,1,2,1.8,0.0012467792801842108
3,5,1,2,1.85,0.001243829176543672
3,5,1,2,1.9000000000000001,0.0012410318446467586
3,5,1,2,1.9500000000000002,0.001238380343378595
3,5,1,2,2.0,0.0012358678532492597
3,5,1,2,2.05,0.0012334877108057516
3,5,1,2,2.1,0.0012312334354671044
3,5,1,2,2.15,0.0012290987498762655
3,5,1,2,2.1999999999999997,0.0012270775947395979
3,5,1,2,2.25,0.001225164139010891
3,5,1,2,2.3,0.0012233527861721168
3,5,1,2,2.35,0.0012216381772678718
3,5,1,2,2.4,0.0012200151912643627
3,5,1,2,2.45,0.0012184789432265909
3,5,1,2,2.5,0.0012170247807385137
3,5,1,2,2.55,0.0012156482789299236
3,5,1,2,2.6,0.0012143452344199161
3,5,1,2,2.65,0.0012131116584395338
3,5,1,2,2.7,0.0012119437693548377
3,5,1,2,2.75,0.001210837984775688
3,5,1,2,2.8,0.0012097909134043416
3,5,1,2,2.85,0.001208799346751054
3,5,1,2,2.9,0.0012078602508207627
3,5,1,2,2.95,0.0012069707578550928
3,5,1,2,3.0,0.0012061281581970714
1,5,3,2,0.05,0.0014279942027928434
1,5,3,2,0.1,0.0014263355271491689
1,5,3,2,0.15000000000000002,0.0014237061078850232
1,5,3,2,0.2,0.0014202166867910736
1,5,3,2,0.25,0.0014159762601108404
1,5,3,2,0.3,0.0014110905389917408
1,5,3,2,0.35000000000000003,0.001405660668022304
1,5,3,2,0.4,0.0013997822055989311
1,5,3,2,0.45,0.0013935443590161088
1,5,3,2,0.5,0.0013870294585693144
1,5,3,2,0.55,0.0013803126486722859
1,5,3,2,0.6000000000000001,0.0013734617699133781
1,5,3,2,0.6500000000000001,0.0013665374038751511
1,5,3,2,0.7000000000000001,0.0013595930521050489
1,5,3,2,0.7500000000000001,0.00135267542150695
1,5,3,2,0.8,0.0013458247902783692
1,5,3,2,0.8500000000000001,0.0013390754310270555
1,5,3,2,0.9000000000000001,0.0013324560705864016
1,5,3,2,0.9500000000000001,0.0013259903690836978
1,5,3,2,1.0,0.0013196974038221893
1,5,3,2,1.05,0.0013135921463886659
1,5,3,2,1.1,0.001307685924007123
1,5,3,2,1.1500000000000001,0.001301986858475585
1,5,3,2,1.2000000000000002,0.0012965002780255684
1,5,3,2,1.2500000000000002,0.0012912290991311207
1,5,3,2,1.3,0.0012861741766812922
1,5,3,2,1.35,0.0012813346220404563
1,5,3,2,1.4000000000000001,0.0012767080893848503
1,5,3,2,1.4500000000000002,0.0012722910313533494
1,5,3,2,1.5000000000000002,0.0012680789255180608
1,5,3,2,1.55,0.0012640664734966662
1,5,3,2,1.6,0.0012602477747218107
1,5,3,2,1.6500000000000001,0.0012566164769784367
1,5,3,2,1.7000000000000002,0.0012531659058397544
1,5,3,2,1.7500000000000002,0.001249889175095134
1,5,3,2,1.8,0.0012467792801842108
1,5,3,2,1.85,0.001243829176543672
1,5,3,2,1.9000000000000001,0.0012410318446467586
1,5,3,2,1.9500000000000002,0.001238380343378595
1,5,3,2,2.0,0.0012358678532492597
1,5,3,2,2.05,0.0012334877108057516
1,5,3,2,2.1,0.0012312334354671044
1,5,3,2,2.15,0.0012290987498762655
1,5,3,2,2.1999999999999997,0.0012270775947395979
1,5,3,2,2.25,0.001225164139010891
1,5,3,2,2.3,0.0012233527861721168
1,5,3,2,2.35,0.0012216381772678718
1,5,3,2,2.4,0.0012200151912643627
1,5,3,2,2.45,0.0012184789432265909
1,5,3,2,2.5,0.0012170247807385137
1,5,3,2,2.55,0.0012156482789299236
1,5,3,2,2.6,0.0012143452344199161
1,5,3,2,2.65,0.0012131116584395338
1,5,3,2,2.7,0.0012119437693548377
1,5,3,2,2.75,0.001210837984775688
1,5,3,2,2.8,0.0012097909134043416
1,5,3,2,2.85,0.001208799346751054
1,5,3,2,2.9,0.0012078602508207627
1,5,3,2,2.95,0.0012069707578550928
1,5,3,2,3.0,0.0012061281581970714
-1,-1,-1,3,0.05,0.0020854321148239684
-1,-1,-1,3,0.1,0.0021169042146472277
-1,-1,-1,3,0.15000000000000002,0.002145756151446077
-1,-1,-1,3,0.2,0.0021720646196561216
-1,-1,-1,3,0.25,0.0021959220497866625
-1,-1,-1,3,0.3,0.0022174335240332885
-1,-1,-1,3,0.35000000000000003,0.0022367138426489
-1,-1,-1,3,0.4,0.002253884799457325
-1,-1,-1,3,0.45,0.0022690727068517967
-1,-1,-1,3,0.5,0.0022824061944167772
-1,-1,-1,3,0.55,0.0022940142914189762
-1,-1,-1,3,0.6000000000000001,0.002304024792037303
-1,-1,-1,3,0.6500000000000001,0.002312562893336608
-1,-1,-1,3,0.7000000000000001,0.002319750089478275
-1,-1,-1,3,0.7500000000000001,0.002325703301245666
-1,-1,-1,3,0.8,0.002330534217334744
-1,-1,-1,3,0.8500000000000001,0.002334348822694042
-1,-1,-1,3,0.9000000000000001,0.002337247089176905
-1,-1,-1,3,0.9500000000000001,0.00233932280460274
-1,-1,-1,3,1.0,0.00234066351775957
-1,-1,-1,3,1.05,0.0023413505787048443
-1,-1,-1,3,1.1,0.002341459255763369
-1,-1,-1,3,1.1500000000000001,0.002341058912746652
-1,-1,-1,3,1.2000000000000002,0.0023402132320269834
-1,-1,-1,3,1.2500000000000002,0.002338980471121099
-1,-1,-1,3,1.3,0.002337413742325017
-1,-1,-1,3,1.35,0.0023355613066651034
-1,-1,-1,3,1.4000000000000001,0.00233346687497672
-1,-1,-1,3,1.4500000000000002,0.0023311699102877073
-1,-1,-1,3,1.5000000000000002,0.0023287059268740497
-1,-1,-1,3,1.55,0.002326106782378953
-1,-1,-1,3,1.6,0.002323400960257098
-1,-1,-1,3,1.6500000000000001,0.00232061384053759
-1,-1,-1,3,1.7000000000000002,0.00231776795750726
-1,-1,-1,3,1.7500000000000002,0.0023148832434154772
-1,-1,-1,3,1.8,0.0023119772577068405
-1,-1,-1,3,1.85,0.0023090654016123457
-1,-1,-1,3,1.9000000000000001,0.002306161118184991
-1,-1,-1,3,1.9500000000000002,0.0023032760780630985
-1,-1,-1,3,2.0,0.002300420351393597
-1,-1,-1,3,2.05,0.0022976025664563442
-1,-1,-1,3,2.1,0.0022948300556066455
-1,-1,-1,3,2.15,0.0022921089892025503
-1,-1,-1,3,2.1999999999999997,0.002289444498211567
-1,-1,-1,3,2.25,0.0022868407862025536
-1,-1,-1,3,2.3,0.00228430123142646
-1,-1,-1,3,2.35,0.002281828479677277
-1,-1,-1,3,2.4,0.002279424528604701
-1,-1,-1,3,2.45,0.0022770908041245394
-1,-1,-1,3,2.5,0.002274828229543554
-1,-1,-1,3,2.55,0.002272637287983601
-1,-1,-1,3,2.6,0.002270518078656625
-1,-1,-1,3,2.65,0.0022684703675081522
-1,-1,-1,3,2.7,0.002266493632713114
-1,-1,-1,3,2.75,0.0022645871054745234
-1,-1,-1,3,2.8,0.0022627498065432316
-1,-1,-1,3,2.85,0.002260980578845803
-1,-1,-1,3,2.9,0.002259278116577862
-1,-1,-1,3,2.95,0.0022576409910920543
-1,-1,-1,3,3.0,0.0022560676738831013
-1,1,-1,3,0.05,0.00227637181024069
-1,1,-1,3,0.1,0.0023276525235320098
-1,1,-1,3,0.15000000000000002,0.0023760039008140794
-1,1,-1,3,0.2,0.002421397259355379
-1,1,-1,3,0.25,0.0024638333896122426
-1,1,-1,3,0.3,0.002503339829983565
-1,1,-1,3,0.35000000000000003,0.002539967857119723
-1,1,-1,3,0.4,0.0025737893189355324
-1,1,-1,3,0.45,0.0026048934242430266
-1,1,-1,3,0.5,0.0026333835864577456
-1,1,-1,3,0.55,0.002659374400738967
-1,1,-1,3,0.6000000000000001,0.0026829888155673947
-1,1,-1,3,0.6500000000000001,0.0027043555422241426
-1,1,-1,3,0.7000000000000001,0.002723606729689907
-1,1,-1,3,0.7500000000000001,0.002740875918623473
-1,1,-1,3,0.8,0.00275629627654468
-1,1,-1,3,0.8500000000000001,0.0027699991071775247
-1,1,-1,3,0.9000000000000001,0.0027821126199932262
-1,1,-1,3,0.9500000000000001,0.0027927609411185638
-1,1,-1,3,1.0,0.002802063343670767
-1,1,-1,3,1.05,0.0028101336739512306
-1,1,-1,3,1.1,0.0028170799494821493
-1,1,-1,3,1.1500000000000001,0.0028230041053274374
-1,1,-1,3,1.2000000000000002,0.002828001866256533
-1,1,-1,3,1.2500000000000002,0.0028321627238765347
-1,1,-1,3,1.3,0.002835569999701022
-1,1,-1,3,1.35,0.002838300977104501
-1,1,-1,3,1.4000000000000001,0.002840427087123475
-1,1,-1,3,1.4500000000000002,0.0028420141350305153
-1,1,-1,3,1.5000000000000002,0.0028431225564716817
-1,1,-1,3,1.55,0.0028438076936848408
-1,1,-1,3,1.6,0.0028441200838864983
-1,1,-1,3,1.6500000000000001,0.002844105753318958
-1,1,-1,3,1.7000000000000002,0.002843806511687661
-1,1,-1,3,1.7500000000000002,0.00284326024279629
-1,1,-1,3,1.8,0.0028425011881142424
-1,1,-1,3,1.85,0.002841560220799687
-1,1,-1,3,1.9000000000000001,0.0028404651083649103
-1,1,-1,3,1.9500000000000002,0.0028392407627228105
-1,1,-1,3,2.0,0.0028379094768077053
-1,1,-1,3,2.05,0.0028364911473328903
-1,1,-1,3,2.1,0.002835003483543496
-1,1,-1,3,2.15,0.0028334622020570366
-1,1,-1,3,2.1999999999999997,0.002831881208065178
-1,1,-1,3,2.25,0.0028302727633074645
-1,1,-1,3,2.3,0.002828647641328318
-1,1,-1,3,2.35,0.0028270152705992505
-1,1,-1,3,2.4,0.002825383866134361
-1,1,-1,3,2.45,0.0028237605502536576
-1,1,-1,3,2.5,0.0028221514631595526
-1,1,-1,3,2.55,0.002820561863990356
-1,1,-1,3,2.6,0.0028189962230036306
-1,1,-1,3,2.65,0.0028174583055241282
-1,1,-1,3,2.7,0.0028159512482676245
-1,1,-1,3,2.75,0.002814477628624912
-1,1,-1,3,2.8,0.002813039527460659
-1,1,-1,3,2.85,0.002811638585950932
-1,1,-1,3,2.9,0.0028102760569515385
-1,1,-1,3,2.95,0.0028089528513578032
-1,1,-1,3,3.0,0.0028076695798851976
-1,-1,1,3,0.05,0.0014053923358167107
-1,-1,1,3,0.1,0.00142022528620771
-1,-1,1,3,0.15000000000000002,0.001433461370641727
-1,-1,1,3,0.2,0.0014451810785492626
-1,-1,1,3,0.25,0.0014554698204233614
-1,-1,1,3,0.3,0.0014644161665885503
-1,-1,1,3,0.35000000000000003,0.0014721102807979502
-1,-1,1,3,0.4,0.0014786425566572013
-1,-1,1,3,0.45,0.0014841024564517839
-1,-1,1,3,0.5,0.0014885775453888804
-1,-1,1,3,0.55,0.0014921527094440622
-1,-1,1,3,0.6000000000000001,0.0014949095417380656
-1,-1,1,3,0.6500000000000001,0.0014969258804298333
-1,-1,1,3,0.7000000000000001,0.001498275480255447
-1,-1,1,3,0.7500000000000001,0.0014990277998319277
-1,-1,1,3,0.8,0.0014992478874636742
-1,-1,1,3,0.8500000000000001,0.0014989963492486374
-1,-1,1,3,0.9000000000000001,0.001498329384623146
-1,-1,1,3,0.9500000000000001,0.0014972988759814011
-1,-1,1,3,1.0,0.0014959525205594222
-1,-1,1,3,1.05,0.0014943339943105317
-1,-1,1,3,1.1,0.0014924831389687091
-1,-1,1,3,1.1500000000000001,0.0014904361648633378
-1,-1,1,3,1.2000000000000002,0.0014882258632939837
-1,-1,1,3,1.2500000000000002,0.0014858818233876052
-1,-1,1,3,1.3,0.0014834306493413261
-1,-1,1,3,1.35,0.0014808961748057836
-1,-1,1,3,1.4000000000000001,0.001478299671894565
-1,-1,1,3,1.4500000000000002,0.0014756600529243892
-1,-1,1,3,1.5000000000000002,0.0014729940635093198
-1,-1,1,3,1.55,0.0014703164660618527
-1,-1,1,3,1.6,0.0014676402131052532
-1,-1,1,3,1.6500000000000001,0.00146497661008557
-1,-1,1,3,1.7000000000000002,0.001462335467598081
-1,-1,1,3,1.7500000000000002,0.0014597252431203186
-1,-1,1,3,1.8,0.0014571531724801605
-1,-1,1,3,1.85,0.001454625391389637
-1,-1,1,3,1.9000000000000001,0.0014521470474491485
-1,-1,1,3,1.9500000000000002,0.0014497224030778045
-1,-1,1,3,2.0,0.0014473549298580685
-1,-1,1,3,2.05,0.001445047394800512
-1,-1,1,3,2.1,0.0014428019390403518
-1,-1,1,3,2.15,0.0014406201494742339
-1,-1,1,3,2.1999999999999997,0.0014385031238355317
-1,-1,1,3,2.25,0.00143645152969106
-1,-1,1,3,2.3,0.0014344656578229708
-1,-1,1,3,2.35,0.0014325454704379138
-1,-1,1,3,2.4,0.0014306906446221821
-1,-1,1,3,2.45,0.0014289006114373251
-1,-1,1,3,2.5,0.001427174591026139
-1,-1,1,3,2.55,0.001425511624074501
-1,-1,1,3,2.6,0.001423910599950543
-1,-1,1,3,2.65,0.0014223702818194253
-1,-1,1,3,2.7,0.0014208893290096065
-1,-1,1,3,2.75,0.0014194663168852312
-1,-1,1,3,2.8,0.0014180997544590368
-1,-1,1,3,2.85,0.0014167880999611578
-1,-1,1,3,2.9,0.0014155297745613356
-1,-1,1,3,2.95,0.0014143231744253443
-1,-1,1,3,3.0,0.0014131666812708956
-1,3,-1,3,0.05,0.0
-1,3,-1,3,0.1,0.0
-1,3,-1,3,0.15000000000000002,0.0
-1,3,-1,3,0.2,0.0
-1,3,-1,3,0.25,0.0
-1,3,-1,3,0.3,0.0
-1,3,-1,3,0.35000000000000003,0.0
-1,3,-1,3,0.4,0.0
-1,3,-1,3,0.45,0.0
-1,3,-1,3,0.5,0.0
-1,3,-1,3,0.55,0.0
-1,3,-1,3,0.6000000000000001,0.0
-1,3,-1,3,0.6500000000000001,0.0
-1,3,-1,3,0.7000000000000001,0.0
-1,3,-1,3,0.7500000000000001,0.0
-1,3,-1,3,0.8,0.0
-1,3,-1,3,0.8500000000000001,0.0
-1,3,-1,3,0.9000000000000001,0.0
-1,3,-1,3,0.9500000000000001,0.0
-1,3,-1,3,1.0,0.0
-1,3,-1,3,1.05,0.0
-1,3,-1,3,1.1,0.0
-1,3,-1,3,1.1500000000000001,0.0
-1,3,-1,3,1.2000000000000002,0.0
-1,3,-1,3,1.2500000000000002,0.0
-1,3,-1,3,1.3,0.0
-1,3,-1,3,1.35,0.0
-1,3,-1,3,1.4000000000000001,0.0
-1,3,-1,3,1.4500000000000002,0.0
-1,3,-1,3,1.5000000000000002,0.0
-1,3,-1,3,1.55,0.0
-1,3,-1,3,1.6,0.0
-1,3,-1,3,1.6500000000000001,0.0
-1,3,-1,3,1.7000000000000002,0.0
-1,3,-1,3,1.7500000000000002,0.0
-1,3,-1,3,1.8,0.0
-1,3,-1,3,1.85,0.0
-1,3,-1,3,1.9000000000000001,0.0
-1,3,-1,3,1.9500000000000002,0.0
-1,3,-1,3,2.0,0.0
-1,3,-1,3,2.05,0.0
-1,3,-1,3,2.1,0.0
-1,3,-1,3,2.15,0.0
-1,3,-1,3,2.1999999999999997,0.0
-1,3,-1,3,2.25,0.0
-1,3,-1,3,2.3,0.0
-1,3,-1,3,2.35,0.0
-1,3,-1,3,2.4,0.0
-1,3,-1,3,2.45,0.0
-1,3,-1,3,2.5,0.0
-1,3,-1,3,2.55,0.0
-1,3,-1,3,2.6,0.0
-1,3,-1,3,2.65,0.0
-1,3,-1,3,2.7,0.0
-1,3,-1,3,2.75,0.0
-1,3,-1,3,2.8,0.0
-1,3,-1,3,2.85,0.0
-1,3,-1,3,2.9,0.0
-1,3,-1,3,2.95,0.0
-1,3,-1,3,3.0,0.0
-1,-1,3,3,0.05,0.00227637181024069
-1,-1,3,3,0.1,0.0023276525235320098
-1,-1,3,3,0.15000000000000002,0.0023760039008140794
-1,-1,3,3,0.2,0.002421397259355379
-1,-1,3,3,0.25,0.002463833389612242
-1,-1,3,3,0.3,0.002503339829983565
-1,-1,3,3,0.35000000000000003,0.002539967857119723
-1,-1,3,3,0.4,0.0025737893189355324
-1,-1,3,3,0.45,0.0026048934242430266
-1,-1,3,3,0.5,0.0026333835864577456
-1,-1,3,3,0.55,0.002659374400738967
-1,-1,3,3,0.6000000000000001,0.0026829888155673947
-1,-1,3,3,0.6500000000000001,0.0027043555422241426
-1,-1,3,3,0.7000000000000001,0.0027236067296899074
-1,-1,3,3,0.7500000000000001,0.002740875918623473
-1,-1,3,3,0.8,0.002756296276544679
-1,-1,3,3,0.8500000000000001,0.0027699991071775247
-1,-1,3,3,0.9000000000000001,0.0027821126199932262
-1,-1,3,3,0.9500000000000001,0.002792760941118564
-1,-1,3,3,1.0,0.002802063343670767
-1,-1,3,3,1.05,0.0028101336739512306
-1,-1,3,3,1.1,0.0028170799494821493
-1,-1,3,3,1.1500000000000001,0.0028230041053274374
-1,-1,3,3,1.2000000000000002,0.002828001866256533
-1,-1,3,3,1.2500000000000002,0.0028321627238765347
-1,-1,3,3,1.3,0.0028355699997010216
-1,-1,3,3,1.35,0.002838300977104501
-1,-1,3,3,1.4000000000000001,0.002840427087123475
-1,-1,3,3,1.4500000000000002,0.0028420141350305153
-1,-1,3,3,1.5000000000000002,0.0028431225564716817
-1,-1,3,3,1.55,0.0028438076936848408
-1,-1,3,3,1.6,0.0028441200838864983
-1,-1,3,3,1.6500000000000001,0.002844105753318958
-1,-1,3,3,1.7000000000000002,0.002843806511687661
-1,-1,3,3,1.7500000000000002,0.00284326024279629
-1,-1,3,3,1.8,0.0028425011881142424
-1,-1,3,3,1.85,0.002841560220799687
-1,-1,3,3,1.9000000000000001,0.0028404651083649103
-1,-1,3,3,1.9500000000000002,0.00283924076272281
-1,-1,3,3,2.0,0.0028379094768077053
-1,-1,3,3,2.05,0.0028364911473328903
-1,-1,3,3,2.1,0.002835003483543496
-1,-1,3,3,2.15,0.0028334622020570366
-1,-1,3,3,2.1999999999999997,0.002831881208065178
-1,-1,3,3,2.25,0.0028302727633074645
-1,-1,3,3,2.3,0.002828647641328318
-1,-1,3,3,2.35,0.0028270152705992505
-1,-1,3,3,2.4,0.002825383866134361
-1,-1,3,3,2.45,0.0028237605502536576
-1,-1,3,3,2.5,0.0028221514631595526
-1,-1,3,3,2.55,0.002820561863990356
-1,-1,3,3,2.6,0.0028189962230036306
-1,-1,3,3,2.65,0.0028174583055241282
-1,-1,3,3,2.7,0.0028159512482676236
-1,-1,3,3,2.75,0.002814477628624912
-1,-1,3,3,2.8,0.002813039527460659
-1,-1,3,3,2.85,0.002811638585950932
-1,-1,3,3,2.9,0.0028102760569515377
-1,-1,3,3,2.95,0.0028089528513578032
-1,-1,3,3,3.0,0.002807669579885197
-1,5,-1,3,0.05,0.00227637181024069
-1,5,-1,3,0.1,0.0023276525235320098
-1,5,-1,3,0.15000000000000002,0.0023760039008140794
-1,5,-1,3,0.2,0.0024213972593553792
-1,5,-1,3,0.25,0.0024638333896122426
-1,5,-1,3,0.3,0.002503339829983565
-1,5,-1,3,0.35000000000000003,0.002539967857119723
-1,5,-1,3,0.4,0.0025737893189355333
-1,5,-1,3,0.45,0.0026048934242430266
-1,5,-1,3,0.5,0.0026333835864577456
-1,5,-1,3,0.55,0.002659374400738968
-1,5,-1,3,0.6000000000000001,0.0026829888155673947
-1,5,-1,3,0.6500000000000001,0.0027043555422241426
-1,5,-1,3,0.7000000000000001,0.0027236067296899074
-1,5,-1,3,0.7500000000000001,0.0027408759186234736
-1,5,-1,3,0.8,0.00275629627654468
-1,5,-1,3,0.8500000000000001,0.0027699991071775247
-1,5,-1,3,0.9000000000000001,0.0027821126199932262
-1,5,-1,3,0.9500000000000001,0.002792760941118564
-1,5,-1,3,1.0,0.002802063343670767
-1,5,-1,3,1.05,0.0028101336739512306
-1,5,-1,3,1.1,0.0028170799494821493
-1,5,-1,3,1.1500000000000001,0.0028230041053274374
-1,5,-1,3,1.2000000000000002,0.002828001866256533
-1,5,-1,3,1.2500000000000002,0.0028321627238765347
-1,5,-1,3,1.3,0.0028355699997010216
-1,5,-1,3,1.35,0.002838300977104501
-1,5,-1,3,1.4000000000000001,0.002840427087123474
-1,5,-1,3,1.4500000000000002,0.002842014135030515
-1,5,-1,3,1.5000000000000002,0.0028431225564716817
-1,5,-1,3,1.55,0.0028438076936848408
-1,5,-1,3,1.6,0.002844120083886499
-1,5,-1,3,1.6500000000000001,0.002844105753318958
-1,5,-1,3,1.7000000000000002,0.002843806511687661
-1,5,-1,3,1.7500000000000002,0.00284326024279629
-1,5,-1,3,1.8,0.0028425011881142424
-1,5,-1,3,1.85,0.002841560220799687
-1,5,-1,3,1.9000000000000001,0.0028404651083649103
-1,5,-1,3,1.9500000000000002,0.0028392407627228105
-1,5,-1,3,2.0,0.0028379094768077053
-1,5,-1,3,2.05,0.0028364911473328903
-1,5,-1,3,2.1,0.002835003483543496
-1,5,-1,3,2.15,0.0028334622020570366
-1,5,-1,3,2.1999999999999997,0.002831881208065178
-1,5,-1,3,2.25,0.0028302727633074645
-1,5,-1,3,2.3,0.002828647641328318
-1,5,-1,3,2.35,0.0028270152705992505
-1,5,-1,3,2.4,0.002825383866134361
-1,5,-1,3,2.45,0.0028237605502536576
-1,5,-1,3,2.5,0.0028221514631595526
-1,5,-1,3,2.55,0.002820561863990356
-1,5,-1,3,2.6,0.0028189962230036306
-1,5,-1,3,2.65,0.0028174583055241282
-1,5,-1,3,2.7,0.0028159512482676245
-1,5,-1,3,2.75,0.0028144776286249114
-1,5,-1,3,2.8,0.002813039527460659
-1,5,-1,3,2.85,0.002811638585950932
-1,5,-1,3,2.9,0.0028102760569515377
-1,5,-1,3,2.95,0.0028089528513578032
-1,5,-1,3,3.0,0.0028076695798851976
-1,-1,5,3,0.05,0.0014053923358167107
-1,-1,5,3,0.1,0.00142022528620771
-1,-1,5,3,0.15000000000000002,0.001433461370641727
-1,-1,5,3,0.2,0.0014451810785492626
-1,-1,5,3,0.25,0.0014554698204233614
-1,-1,5,3,0.3,0.0014644161665885503
-1,-1,5,3,0.35000000000000003,0.0014721102807979502
-1,-1,5,3,0.4,0.0014786425566572013
-1,-1,5,3,0.45,0.0014841024564517839
-1,-1,5,3,0.5,0.0014885775453888804
-1,-1,5,3,0.55,0.0014921527094440622
-1,-1,5,3,0.6000000000000001,0.0014949095417380654
-1,-1,5,3,0.6500000000000001,0.0014969258804298333
-1,-1,5,3,0.7000000000000001,0.0014982754802554473
-1,-1,5,3,0.7500000000000001,0.0014990277998319277
-1,-1,5,3,0.8,0.0014992478874636742
-1,-1,5,3,0.8500000000000001,0.0014989963492486372
-1,-1,5,3,0.9000000000000001,0.001498329384623146
-1,-1,5,3,0.9500000000000001,0.0014972988759814013
-1,-1,5,3,1.0,0.0014959525205594222
-1,-1,5,3,1.05,0.0014943339943105313
-1,-1,5,3,1.1,0.0014924831389687091
-1,-1,5,3,1.1500000000000001,0.0014904361648633375
-1,-1,5,3,1.2000000000000002,0.0014882258632939837
-1,-1,5,3,1.2500000000000002,0.0014858818233876052
-1,-1,5,3,1.3,0.0014834306493413266
-1,-1,5,3,1.35,0.0014808961748057836
-1,-1,5,3,1.4000000000000001,0.001478299671894565
-1,-1,5,3,1.4500000000000002,0.0014756600529243892
-1,-1,5,3,1.5000000000000002,0.0014729940635093198
-1,-1,5,3,1.55,0.0014703164660618527
-1,-1,5,3,1.6,0.0014676402131052532
-1,-1,5,3,1.6500000000000001,0.00146497661008557
-1,-1,5,3,1.7000000000000002,0.001462335467598081
-1,-1,5,3,1.7500000000000002,0.0014597252431203193
-1,-1,5,3,1.8,0.0014571531724801605
-1,-1,5,3,1.85,0.0014546253913896366
-1,-1,5,3,1.9000000000000001,0.001452147047449149
-1,-1,5,3,1.9500000000000002,0.0014497224030778045
-1,-1,5,3,2.0,0.0014473549298580685
-1,-1,5,3,2.05,0.001445047394800512
-1,-1,5,3,2.1,0.0014428019390403518
-1,-1,5,3,2.15,0.0014406201494742339
-1,-1,5,3,2.1999999999999997,0.0014385031238355317
-1,-1,5,3,2.25,0.0014364515296910595
-1,-1,5,3,2.3,0.0014344656578229708
-1,-1,5,3,2.35,0.0014325454704379138
-1,-1,5,3,2.4,0.0014306906446221821
-1,-1,5,3,2.45,0.0014289006114373251
-1,-1,5,3,2.5,0.001427174591026139
-1,-1,5,3,2.55,0.0014255116240745008
-1,-1,5,3,2.6,0.001423910599950543
-1,-1,5,3,2.65,0.0014223702818194255
-1,-1,5,3,2.7,0.0014208893290096065
-1,-1,5,3,2.75,0.0014194663168852312
-1,-1,5,3,2.8,0.0014180997544590368
-1,-1,5,3,2.85,0.0014167880999611578
-1,-1,5,3,2.9,0.0014155297745613356
-1,-1,5,3,2.95,0.0014143231744253443
-1,-1,5,3,3.0,0.0014131666812708954
5,1,3,3,0.05,0.0009755879186745816
5,1,3,3,0.1,0.0009975653672280043
5,1,3,3,0.15000000000000002,0.001018287386063177
5,1,3,3,0.2,0.0010377416825808766
5,1,3,3,0.25,0.001055928595548104
5,1,3,3,0.3,0.0010728599271358137
5,1,3,3,0.35000000000000003,0.00108855765305131
5,1,3,3,0.4,0.0011030525652580853
5,1,3,3,0.45,0.0011163828961041542
5,1,3,3,0.5,0.0011285929656247482
5,1,3,3,0.55,0.001139731886030986
5,1,3,3,0.6000000000000001,0.0011498523495288835
5,1,3,3,0.6500000000000001,0.0011590095180960612
5,1,3,3,0.7000000000000001,0.0011672600270099603
5,1,3,3,0.7500000000000001,0.0011746611079814886
5,1,3,3,0.8,0.0011812698328048628
5,1,3,3,0.8500000000000001,0.0011871424745046534
5,1,3,3,0.9000000000000001,0.001192333979997097
5,1,3,3,0.9500000000000001,0.0011968975461936703
5,1,3,3,1.0,0.0012008842901446144
5,1,3,3,1.05,0.0012043430031219561
5,1,3,3,1.1,0.0012073199783494927
5,1,3,3,1.1500000000000001,0.0012098589022831877
5,1,3,3,1.2000000000000002,0.0012120007998242285
5,1,3,3,1.2500000000000002,0.001213784024518515
5,1,3,3,1.3,0.0012152442855861525
5,1,3,3,1.35,0.0012164147044733576
5,1,3,3,1.4000000000000001,0.0012173258944814893
5,1,3,3,1.4500000000000002,0.001218006057870221
5,1,3,3,1.5000000000000002,0.0012184810956307208
5,1,3,3,1.55,0.0012187747258649317
5,1,3,3,1.6,0.001218908607379928
5,1,3,3,1.6500000000000001,0.0012189024657081248
5,1,3,3,1.7000000000000002,0.0012187742192947119
5,1,3,3,1.7500000000000002,0.001218540104055553
5,1,3,3,1.8,0.001218214794906104
5,1,3,3,1.85,0.0012178115231998659
5,1,3,3,1.9000000000000001,0.0012173421892992474
5,1,3,3,1.9500000000000002,0.0012168174697383474
5,1,3,3,2.0,0.0012162469186318737
5,1,3,3,2.05,0.0012156390631426672
5,1,3,3,2.1,0.0012150014929472128
5,1,3,3,2.15,0.0012143409437387301
5,1,3,3,2.1999999999999997,0.0012136633748850763
5,1,3,3,2.25,0.0012129740414174848
5,1,3,3,2.3,0.0012122775605692792
5,1,3,3,2.35,0.0012115779731139645
5,1,3,3,2.4,0.001210878799771869
5,1,3,3,2.45,0.0012101830929658532
5,1,3,3,2.5,0.001209493484211237
5,1,3,3,2.55,0.0012088122274244383
5,1,3,3,2.6,0.0012081412384301275
5,1,3,3,2.65,0.0012074821309389122
5,1,3,3,2.7,0.0012068362492575534
5,1,3,3,2.75,0.0012062046979821053
5,1,3,3,2.8,0.0012055883689117111
5,1,3,3,2.85,0.0012049879654075423
5,1,3,3,2.9,0.0012044040244078022
5,1,3,3,2.95,0.0012038369362962014
5,1,3,3,3.0,0.001203286962807942
3,1,5,3,0.05,0.0009755879186745816
3,1,5,3,0.1,0.0009975653672280043
3,1,5,3,0.15000000000000002,0.001018287386063177
3,1,5,3,0.2,0.0010377416825808766
3,1,5,3,0.25,0.001055928595548104
3,1,5,3,0.3,0.0010728599271358137
3,1,5,3,0.35000000000000003,0.00108855765305131
3,1,5,3,0.4,0.0011030525652580853
3,1,5,3,0.45,0.0011163828961041542
3,1,5,3,0.5,0.0011285929656247482
3,1,5,3,0.55,0.001139731886030986
3,1,5,3,0.6000000000000001,0.0011498523495288835
3,1,5,3,0.6500000000000001,0.0011590095180960612
3,1,5,3,0.7000000000000001,0.0011672600270099603
3,1,5,3,0.7500000000000001,0.0011746611079814886
3,1,5,3,0.8,0.0011812698328048628
3,1,5,3,0.8500000000000001,0.0011871424745046534
3,1,5,3,0.9000000000000001,0.001192333979997097
3,1,5,3,0.9500000000000001,0.0011968975461936703
3,1,5,3,1.0,0.0012008842901446144
3,1,5,3,1.05,0.0012043430031219561
3,1,5,3,1.1,0.0012073199783494927
3,1,5,3,1.1500000000000001,0.0012098589022831877
3,1,5,3,1.2000000000000002,0.0012120007998242285
3,1,5,3,1.2500000000000002,0.001213784024518515
3,1,5,3,1.3,0.0012152442855861525
3,1,5,3,1.35,0.0012164147044733576
3,1,5,3,1.4000000000000001,0.0012173258944814893
3,1,5,3,1.4500000000000002,0.001218006057870221
3,1,5,3,1.5000000000000002,0.0012184810956307208
3,1,5,3,1.55,0.0012187747258649317
3,1,5,3,1.6,0.001218908607379928
3,1,5,3,1.6500000000000001,0.0012189024657081248
3,1,5,3,1.7000000000000002,0.0012187742192947119
3,1,5,3,1.7500000000000002,0.001218540104055553
3,1,5,3,1.8,0.001218214794906104
3,1,5,3,1.85,0.0012178115231998659
3,1,5,3,1.9000000000000001,0.0012173421892992474
3,1,5,3,1.9500000000000002,0.0012168174697383474
3,1,5,3,2.0,0.0012162469186318737
3,1,5,3,2.05,0.0012156390631426672
3,1,5,3,2.1,0.0012150014929472128
3,1,5,3,2.15,0.0012143409437387301
3,1,5,3,2.1999999999999997,0.0012136633748850763
3,1,5,3,2.25,0.0012129740414174848
3,1,5,3,2.3,0.0012122775605692792
3,1,5,3,2.35,0.0012115779731139645
3,1,5,3,2.4,0.001210878799771869
3,1,5,3,2.45,0.0012101830929658532
3,1,5,3,2.5,0.001209493484211237
3,1,5,3,2.55,0.0012088122274244383
3,1,5,3,2.6,0.0012081412384301275
3,1,5,3,2.65,0.0012074821309389122
3,1,5,3,2.7,0.0012068362492575534
3,1,5,3,2.75,0.0012062046979821053
3,1,5,3,2.8,0.0012055883689117111
3,1,5,3,2.85,0.0012049879654075423
3,1,5,3,2.9,0.0012044040244078022
3,1,5,3,2.95,0.0012038369362962014
3,1,5,3,3.0,0.001203286962807942
5,3,1,3,0.05,0.0
5,3,1,3,0.1,0.0
5,3,1,3,0.15000000000000002,0.0
5,3,1,3,0.2,0.0
5,3,1,3,0.25,0.0
5,3,1,3,0.3,0.0
5,3,1,3,0.35000000000000003,0.0
5,3,1,3,0.4,0.0
5,3,1,3,0.45,0.0
5,3,1,3,0.5,0.0
5,3,1,3,0.55,0.0
5,3,1,3,0.6000000000000001,0.0
5,3,1,3,0.6500000000000001,0.0
5,3,1,3,0.7000000000000001,0.0
5,3,1,3,0.7500000000000001,0.0
5,3,1,3,0.8,0.0
5,3,1,3,0.8500000000000001,0.0
5,3,1,3,0.9000000000000001,0.0
5,3,1,3,0.9500000000000001,0.0
5,3,1,3,1.0,0.0
5,3,1,3,1.05,0.0
5,3,1,3,1.1,0.0
5,3,1,3,1.1500000000000001,0.0
5,3,1,3,1.2000000000000002,0.0
5,3,1,3,1.2500000000000002,0.0
5,3,1,3,1.3,0.0
5,3,1,3,1.35,0.0
5,3,1,3,1.4000000000000001,0.0
5,3,1,3,1.4500000000000002,0.0
5,3,1,3,1.5000000000000002,0.0
5,3,1,3,1.55,0.0
5,3,1,3,1.6,0.0
5,3,1,3,1.6500000000000001,0.0
5,3,1,3,1.7000000000000002,0.0
5,3,1,3,1.7500000000000002,0.0
5,3,1,3,1.8,0.0
5,3,1,3,1.85,0.0
5,3,1,3,1.9000000000000001,0.0
5,3,1,3,1.9500000000000002,0.0
5,3,1,3,2.0,0.0
5,3,1,3,2.05,0.0
5,3,1,3,2.1,0.0
5,3,1,3,2.15,0.0
5,3,1,3,2.1999999999999997,0.0
5,3,1,3,2.25,0.0
5,3,1,3,2.3,0.0
5,3,1,3,2.35,0.0
5,3,1,3,2.4,0.0
5,3,1,3,2.45,0.0
5,3,1,3,2.5,0.0
5,3,1,3,2.55,0.0
5,3,1,3,2.6,0.0
5,3,1,3,2.65,0.0
5,3,1,3,2.7,0.0
5,3,1,3,2.75,0.0
5,3,1,3,2.8,0.0
5,3,1,3,2.85,0.0
5,3,1,3,2.9,0.0
5,3,1,3,2.95,0.0
5,3,1,3,3.0,0.0
1,3,5,3,0.05,0.0
1,3,5,3,0.1,0.0
1,3,5,3,0.15000000000000002,0.0
1,3,5,3,0.2,0.0
1,3,5,3,0.25,0.0
1,3,5,3,0.3,0.0
1,3,5,3,0.35000000000000003,0.0
1,3,5,3,0.4,0.0
1,3,5,3,0.45,0.0
1,3,5,3,0.5,0.0
1,3,5,3,0.55,0.0
1,3,5,3,0.6000000000000001,0.0
1,3,5,3,0.6500000000000001,0.0
1,3,5,3,0.7000000000000001,0.0
1,3,5,3,0.7500000000000001,0.0
1,3,5,3,0.8,0.0
1,3,5,3,0.8500000000000001,0.0
1,3,5,3,0.9000000000000001,0.0
1,3,5,3,0.9500000000000001,0.0
1,3,5,3,1.0,0.0
1,3,5,3,1.05,0.0
1,3,5,3,1.1,0.0
1,3,5,3,1.1500000000000001,0.0
1,3,5,3,1.2000000000000002,0.0
1,3,5,3,1.2500000000000002,0.0
1,3,5,3,1.3,0.0
1,3,5,3,1.35,0.0
1,3,5,3,1.4000000000000001,0.0
1,3,5,3,1.4500000000000002,0.0
1,3,5,3,1.5000000000000002,0.0
1,3,5,3,1.55,0.0
1,3,5,3,1.6,0.0
1,3,5,3,1.6500000000000001,0.0
1,3,5,3,1.7000000000000002,0.0
1,3,5,3,1.7500000000000002,0.0
1,3,5,3,1.8,0.0
1,3,5,3,1.85,0.0
1,3,5,3,1.9000000000000001,0.0
1,3,5,3,1.9500000000000002,0.0
1,3,5,3,2.0,0.0
1,3,5,3,2.05,0.0
1,3,5,3,2.1,0.0
1,3,5,3,2.15,0.0
1,3,5,3,2.1999999999999997,0.0
1,3,5,3,2.25,0.0
1,3,5,3,2.3,0.0
1,3,5,3,2.35,0.0
1,3,5,3,2.4,0.0
1,3,5,3,2.45,0.0
1,3,5,3,2.5,0.0
1,3,5,3,2.55,0.0
1,3,5,3,2.6,0.0
1,3,5,3,2.65,0.0
1,3,5,3,2.7,0.0
1,3,5,3,2.75,0.0
1,3,5,3,2.8,0.0
1,3,5,3,2.85,0.0
1,3,5,3,2.9,0.0
1,3,5,3,2.95,0.0
1,3,5,3,3.0,0.0
3,5,1,3,0.05,0.0009755879186745816
3,5,1,3,0.1,0.0009975653672280043
3,5,1,3,0.15000000000000002,0.001018287386063177
3,5,1,3,0.2,0.0010377416825808768
3,5,1,3,0.25,0.001055928595548104
3,5,1,3,0.3,0.0010728599271358137
3,5,1,3,0.35000000000000003,0.00108855765305131
3,5,1,3,0.4,0.0011030525652580858
3,5,1,3,0.45,0.0011163828961041542
3,5,1,3,0.5,0.0011285929656247482
3,5,1,3,0.55,0.0011397318860309864
3,5,1,3,0.6000000000000001,0.0011498523495288835
3,5,1,3,0.6500000000000001,0.0011590095180960612
3,5,1,3,0.7000000000000001,0.0011672600270099603
3,5,1,3,0.7500000000000001,0.0011746611079814888
3,5,1,3,0.8,0.0011812698328048628
3,5,1,3,0.8500000000000001,0.0011871424745046534
3,5,1,3,0.9000000000000001,0.001192333979997097
3,5,1,3,0.9500000000000001,0.0011968975461936705
3,5,1,3,1.0,0.0012008842901446144
3,5,1,3,1.05,0.0012043430031219561
3,5,1,3,1.1,0.0012073199783494927
3,5,1,3,1.1500000000000001,0.0012098589022831877
3,5,1,3,1.2000000000000002,0.0012120007998242285
3,5,1,3,1.2500000000000002,0.001213784024518515
3,5,1,3,1.3,0.0012152442855861523
3,5,1,3,1.35,0.0012164147044733576
3,5,1,3,1.4000000000000001,0.001217325894481489
3,5,1,3,1.4500000000000002,0.0012180060578702208
3,5,1,3,1.5000000000000002,0.0012184810956307208
3,5,1,3,1.55,0.0012187747258649317
3,5,1,3,1.6,0.0012189086073799281
3,5,1,3,1.6500000000000001,0.0012189024657081248
3,5,1,3,1.7000000000000002,0.0012187742192947119
3,5,1,3,1.7500000000000002,0.001218540104055553
3,5,1,3,1.8,0.001218214794906104
3,5,1,3,1.85,0.0012178115231998659
3,5,1,3,1.9000000000000001,0.0012173421892992474
3,5,1,3,1.9500000000000002,0.0012168174697383474
3,5,1,3,2.0,0.0012162469186318737
3,5,1,3,2.05,0.0012156390631426672
3,5,1,3,2.1,0.0012150014929472128
3,5,1,3,2.15,0.0012143409437387301
3,5,1,3,2.1999999999999997,0.0012136633748850763
3,5,1,3,2.25,0.0012129740414174848
3,5,1,3,2.3,0.0012122775605692792
3,5,1,3,2.35,0.0012115779731139645
3,5,1,3,2.4,0.001210878799771869
3,5,1,3,2.45,0.0012101830929658532
3,5,1,3,2.5,0.001209493484211237
3,5,1,3,2.55,0.0012088122274244383
3,5,1,3,2.6,0.0012081412384301275
3,5,1,3,2.65,0.0012074821309389122
3,5,1,3,2.7,0.0012068362492575534
3,5,1,3,2.75,0.0012062046979821048
3,5,1,3,2.8,0.0012055883689117111
3,5,1,3,2.85,0.0012049879654075423
3,5,1,3,2.9,0.001204404024407802
3,5,1,3,2.95,0.0012038369362962014
3,5,1,3,3.0,0.001203286962807942
1,5,3,3,0.05,0.0009755879186745816
1,5,3,3,0.1,0.0009975653672280043
1,5,3,3,0.15000000000000002,0.001018287386063177
1,5,3,3,0.2,0.0010377416825808768
1,5,3,3,0.25,0.001055928595548104
1,5,3,3,0.3,0.0010728599271358137
1,5,3,3,0.35000000000000003,0.00108855765305131
1,5,3,3,0.4,0.0011030525652580858
1,5,3,3,0.45,0.0011163828961041542
1,5,3,3,0.5,0.0011285929656247482
1,5,3,3,0.55,0.0011397318860309864
1,5,3,3,0.6000000000000001,0.0011498523495288835
1,5,3,3,0.6500000000000001,0.0011590095180960612
1,5,3,3,0.7000000000000001,0.0011672600270099603
1,5,3,3,0.7500000000000001,0.0011746611079814888
1,5,3,3,0.8,0.0011812698328048628
1,5,3,3,0.8500000000000001,0.0011871424745046534
1,5,3,3,0.9000000000000001,0.001192333979997097
1,5,3,3,0.9500000000000001,0.0011968975461936705
1,5,3,3,1.0,0.0012008842901446144
1,5,3,3,1.05,0.0012043430031219561
1,5,3,3,1.1,0.0012073199783494927
1,5,3,3,1.1500000000000001,0.0012098589022831877
1,5,3,3,1.2000000000000002,0.0012120007998242285
1,5,3,3,1.2500000000000002,0.001213784024518515
1,5,3,3,1.3,0.0012152442855861523
1,5,3,3,1.35,0.0012164147044733576
1,5,3,3,1.4000000000000001,0.001217325894481489
1,5,3,3,1.4500000000000002,0.0012180060578702208
1,5,3,3,1.5000000000000002,0.0012184810956307208
1,5,3,3,1.55,0.0012187747258649317
1,5,3,3,1.6,0.0012189086073799281
1,5,3,3,1.6500000000000001,0.0012189024657081248
1,5,3,3,1.7000000000000002,0.0012187742192947119
1,5,3,3,1.7500000000000002,0.001218540104055553
1,5,3,3,1.8,0.001218214794906104
1,5,3,3,1.85,0.0012178115231998659
1,5,3,3,1.9000000000000001,0.0012173421892992474
1,5,3,3,1.9500000000000002,0.0012168174697383474
1,5,3,3,2.0,0.0012162469186318737
1,5,3,3,2.05,0.0012156390631426672
1,5,3,3,2.1,0.0012150014929472128
1,5,3,3,2.15,0.0012143409437387301
1,5,3,3,2.1999999999999997,0.0012136633748850763
1,5,3,3,2.25,0.0012129740414174848
1,5,3,3,2.3,0.0012122775605692792
1,5,3,3,2.35,0.0012115779731139645
1,5,3,3,2.4,0.001210878799771869
1,5,3,3,2.45,0.0012101830929658532
1,5,3,3,2.5,0.001209493484211237
1,5,3,3,2.55,0.0012088122274244383
1,5,3,3,2.6,0.0012081412384301275
1,5,3,3,2.65,0.0012074821309389122
1,5,3,3,2.7,0.0012068362492575534
1,5,3,3,2.75,0.0012062046979821048
1,5,3,3,2.8,0.0012055883689117111
1,5,3,3,2.85,0.0012049879654075423
1,5,3,3,2.9,0.001204404024407802
1,5,3,3,2.95,0.0012038369362962014
1,5,3,3,3.0,0.001203286962807942
